Season,Date,Location,Court,Time,Visitor,Home,Division
Fall 2015,10/17/2015,Nebraska Elite,Court 2,5:00pm,3B Blair White 3rd,3B Abraham Lincoln Jr. Lynx 3rd,3rd Grade Bronze
Fall 2015,11/21/2015,Nebraska Elite,Court 2,6:00pm,3B Bellevue Thunder 3rd,3B Abraham Lincoln Jr. Lynx 3rd,3rd Grade Bronze
Fall 2015,11/6/2015,Nebraska Elite,Court 1,7:30pm,3B JCC Lady Lions 3rd,3B Abraham Lincoln Jr. Lynx 3rd,3rd Grade Bronze
Fall 2015,10/23/2015,Nebraska Elite,Court 1,7:30pm,3B Elkhorn Angles 3rd,3B Bellevue Thunder 3rd,3rd Grade Bronze
Fall 2015,10/30/2015,Nebraska Elite,Court 1,7:30pm,3B Elkhorn Elite Red 3rd,3B Bellevue Thunder 3rd,3rd Grade Bronze
Fall 2015,11/14/2015,Nebraska Elite,Court 2,5:00pm,3B Gretna Green 3rd,3B Bellevue Thunder 3rd,3rd Grade Bronze
Fall 2015,12/4/2015,Nebraska Elite,Court 1,7:30pm,3B JCC Lady Lions 3rd,3B Bellevue Thunder 3rd,3rd Grade Bronze
Fall 2015,10/23/2015,Nebraska Elite,Court 1,6:30pm,3B JCC Lady Lions 3rd,3B Blair White 3rd,3rd Grade Bronze
Fall 2015,11/21/2015,Nebraska Elite,Court 2,5:00pm,3B Elkhorn Angles 3rd,3B Blair White 3rd,3rd Grade Bronze
Fall 2015,11/6/2015,Nebraska Elite,Court 1,6:30pm,3B Bellevue Thunder 3rd,3B Blair White 3rd,3rd Grade Bronze
Fall 2015,12/5/2015,Nebraska Elite,Court 2,5:00pm,3B Gretna Green 3rd,3B Blair White 3rd,3rd Grade Bronze
Fall 2015,10/16/2015,Nebraska Elite,Court 1,6:30pm,3B Gretna Green 3rd,3B Elkhorn Angles 3rd,3rd Grade Bronze
Fall 2015,10/31/2015,Nebraska Elite,Court 2,5:00pm,3B Abraham Lincoln Jr. Lynx 3rd,3B Elkhorn Angles 3rd,3rd Grade Bronze
Fall 2015,11/13/2015,Nebraska Elite,Court 1,6:30pm,3B JCC Lady Lions 3rd,3B Elkhorn Angles 3rd,3rd Grade Bronze
Fall 2015,12/5/2015,Nebraska Elite,Court 2,6:00pm,3B Gretna White 3rd,3B Elkhorn Angles 3rd,3rd Grade Bronze
Fall 2015,10/24/2015,Nebraska Elite,Court 2,5:00pm,3B Gretna White 3rd,3B Elkhorn Elite Red 3rd,3rd Grade Bronze
Fall 2015,11/14/2015,Nebraska Elite,Court 2,6:00pm,3B Blair White 3rd,3B Elkhorn Elite Red 3rd,3rd Grade Bronze
Fall 2015,11/7/2015,Nebraska Elite,Court 2,5:00pm,3B Elkhorn Angles 3rd,3B Elkhorn Elite Red 3rd,3rd Grade Bronze
Fall 2015,12/4/2015,Nebraska Elite,Court 1,6:30pm,3B Abraham Lincoln Jr. Lynx 3rd,3B Elkhorn Elite Red 3rd,3rd Grade Bronze
Fall 2015,10/24/2015,Nebraska Elite,Court 2,6:00pm,3B Abraham Lincoln Jr. Lynx 3rd,3B Gretna Green 3rd,3rd Grade Bronze
Fall 2015,11/20/2015,Nebraska Elite,Court 1,7:30pm,3B Elkhorn Elite Red 3rd,3B Gretna Green 3rd,3rd Grade Bronze
Fall 2015,11/7/2015,Nebraska Elite,Court 2,6:00pm,3B Gretna White 3rd,3B Gretna Green 3rd,3rd Grade Bronze
Fall 2015,10/17/2015,Nebraska Elite,Court 2,6:00pm,3B Bellevue Thunder 3rd,3B Gretna White 3rd,3rd Grade Bronze
Fall 2015,10/31/2015,Nebraska Elite,Court 2,6:00pm,3B Blair White 3rd,3B Gretna White 3rd,3rd Grade Bronze
Fall 2015,11/13/2015,Nebraska Elite,Court 1,7:30pm,3B Abraham Lincoln Jr. Lynx 3rd,3B Gretna White 3rd,3rd Grade Bronze
Fall 2015,10/16/2015,Nebraska Elite,Court 1,7:30pm,3B Elkhorn Elite Red 3rd,3B JCC Lady Lions 3rd,3rd Grade Bronze
Fall 2015,10/30/2015,Nebraska Elite,Court 1,6:30pm,3B Gretna Green 3rd,3B JCC Lady Lions 3rd,3rd Grade Bronze
Fall 2015,11/20/2015,Nebraska Elite,Court 1,6:30pm,3B Gretna White 3rd,3B JCC Lady Lions 3rd,3rd Grade Bronze
Fall 2015,10/17/2015,Nebraska Elite,Court 2,10:00am,3GS Elkhorn South Jr. Storm 3rd,3GS Bennington Badgers Oconnor 3rd,3rd Grade Gold/Silver
Fall 2015,11/21/2015,Nebraska Elite,Court 2,9:00am,3GS PLV Monarchs 3rd,3GS Bennington Badgers Oconnor 3rd,3rd Grade Gold/Silver
Fall 2015,11/7/2015,Nebraska Elite,Court 2,1:00pm,3GS Elkhorn Elite Gold 3rd,3GS Bennington Badgers Oconnor 3rd,3rd Grade Gold/Silver
Fall 2015,10/17/2015,Nebraska Elite,Court 2,11:00am,3GS PLV South Titans 3rd,3GS Blair Purple 3rd,3rd Grade Gold/Silver
Fall 2015,10/31/2015,Nebraska Elite,Court 2,1:00pm,3GS Elkhorn South Jr. Storm 3rd,3GS Blair Purple 3rd,3rd Grade Gold/Silver
Fall 2015,11/14/2015,Nebraska Elite,Court 2,1:00pm,3GS Bennington Badgers Oconnor 3rd,3GS Blair Purple 3rd,3rd Grade Gold/Silver
Fall 2015,10/17/2015,Nebraska Elite,Court 2,1:00pm,3GS Lady Grizzlies Black 3rd,3GS Elkhorn Elite Gold 3rd,3rd Grade Gold/Silver
Fall 2015,10/31/2015,Nebraska Elite,Court 2,10:00am,3GS Millard West Black 3rd,3GS Elkhorn Elite Gold 3rd,3rd Grade Gold/Silver
Fall 2015,11/21/2015,Nebraska Elite,Court 2,10:00am,3GS Blair Purple 3rd,3GS Elkhorn Elite Gold 3rd,3rd Grade Gold/Silver
Fall 2015,10/24/2015,Nebraska Elite,Court 2,12:00pm,3GS Elkhorn Elite Gold 3rd,3GS Elkhorn South Jr. Storm 3rd,3rd Grade Gold/Silver
Fall 2015,11/21/2015,Nebraska Elite,Court 2,11:00am,3GS PLV South Titans 3rd,3GS Elkhorn South Jr. Storm 3rd,3rd Grade Gold/Silver
Fall 2015,11/7/2015,Nebraska Elite,Court 2,9:00am,3GS PLV Monarchs 3rd,3GS Elkhorn South Jr. Storm 3rd,3rd Grade Gold/Silver
Fall 2015,10/24/2015,Nebraska Elite,Court 2,9:00am,3GS Blair Purple 3rd,3GS Lady Grizzlies Black 3rd,3rd Grade Gold/Silver
Fall 2015,11/14/2015,Nebraska Elite,Court 2,11:00am,3GS OSA 3rd,3GS Lady Grizzlies Black 3rd,3rd Grade Gold/Silver
Fall 2015,11/21/2015,Nebraska Elite,Court 2,1:00pm,3GS Roncalli Lady Pride 3rd,3GS Lady Grizzlies Black 3rd,3rd Grade Gold/Silver
Fall 2015,12/5/2015,Nebraska Elite,Court 2,10:00am,3GS Elkhorn South Jr. Storm 3rd,3GS Lady Grizzlies Black 3rd,3rd Grade Gold/Silver
Fall 2015,10/24/2015,Nebraska Elite,Court 2,11:00am,3GS Bennington Badgers Oconnor 3rd,3GS Millard West Black 3rd,3rd Grade Gold/Silver
Fall 2015,11/21/2015,Nebraska Elite,Court 2,12:00pm,3GS OSA 3rd,3GS Millard West Black 3rd,3rd Grade Gold/Silver
Fall 2015,11/7/2015,Nebraska Elite,Court 2,12:00pm,3GS Blair Purple 3rd,3GS Millard West Black 3rd,3rd Grade Gold/Silver
Fall 2015,10/24/2015,Nebraska Elite,Court 2,10:00am,3GS Roncalli Lady Pride 3rd,3GS OSA 3rd,3rd Grade Gold/Silver
Fall 2015,10/31/2015,Nebraska Elite,Court 2,9:00am,3GS PLV South Titans 3rd,3GS OSA 3rd,3rd Grade Gold/Silver
Fall 2015,11/7/2015,Nebraska Elite,Court 2,11:00am,3GS Elkhorn South Jr. Storm 3rd,3GS OSA 3rd,3rd Grade Gold/Silver
Fall 2015,12/5/2015,Nebraska Elite,Court 2,9:00am,3GS Bennington Badgers Oconnor 3rd,3GS OSA 3rd,3rd Grade Gold/Silver
Fall 2015,10/17/2015,Nebraska Elite,Court 2,12:00pm,3GS OSA 3rd,3GS PLV Monarchs 3rd,3rd Grade Gold/Silver
Fall 2015,10/31/2015,Nebraska Elite,Court 2,11:00am,3GS Lady Grizzlies Black 3rd,3GS PLV Monarchs 3rd,3rd Grade Gold/Silver
Fall 2015,11/14/2015,Nebraska Elite,Court 2,10:00am,3GS Millard West Black 3rd,3GS PLV Monarchs 3rd,3rd Grade Gold/Silver
Fall 2015,12/5/2015,Nebraska Elite,Court 2,12:00pm,3GS Elkhorn Elite Gold 3rd,3GS PLV Monarchs 3rd,3rd Grade Gold/Silver
Fall 2015,10/24/2015,Nebraska Elite,Court 2,1:00pm,3GS PLV Monarchs 3rd,3GS PLV South Titans 3rd,3rd Grade Gold/Silver
Fall 2015,11/14/2015,Nebraska Elite,Court 2,12:00pm,3GS Lady Grizzlies Black 3rd,3GS PLV South Titans 3rd,3rd Grade Gold/Silver
Fall 2015,11/7/2015,Nebraska Elite,Court 2,10:00am,3GS Roncalli Lady Pride 3rd,3GS PLV South Titans 3rd,3rd Grade Gold/Silver
Fall 2015,12/5/2015,Nebraska Elite,Court 2,1:00pm,3GS Millard West Black 3rd,3GS PLV South Titans 3rd,3rd Grade Gold/Silver
Fall 2015,10/17/2015,Nebraska Elite,Court 2,9:00am,3GS Millard West Black 3rd,3GS Roncalli Lady Pride 3rd,3rd Grade Gold/Silver
Fall 2015,10/31/2015,Nebraska Elite,Court 2,12:00pm,3GS Bennington Badgers Oconnor 3rd,3GS Roncalli Lady Pride 3rd,3rd Grade Gold/Silver
Fall 2015,11/14/2015,Nebraska Elite,Court 2,9:00am,3GS Elkhorn Elite Gold 3rd,3GS Roncalli Lady Pride 3rd,3rd Grade Gold/Silver
Fall 2015,12/5/2015,Nebraska Elite,Court 2,11:00am,3GS Blair Purple 3rd,3GS Roncalli Lady Pride 3rd,3rd Grade Gold/Silver
Fall 2015,10/16/2015,Nebraska Elite,Court 2,6:30pm,4B Blair White 4th,4B Abraham Lincoln Jr. Lynz 4th,4th Grade Bronze
Fall 2015,11/20/2015,Nebraska Elite,Court 1,5:30pm,4B Elkhorn Elite Black 4th,4B Abraham Lincoln Jr. Lynz 4th,4th Grade Bronze
Fall 2015,11/6/2015,Nebraska Elite,Court 2,6:30pm,4B JCC Lady Lions 4th,4B Abraham Lincoln Jr. Lynz 4th,4th Grade Bronze
Fall 2015,10/17/2015,Nebraska Elite,Court 2,7:00pm,4B Gretna Whyte 4th,4B Bellevue Thunder 4th,4th Grade Bronze
Fall 2015,10/30/2015,Nebraska Elite,Court 2,5:30pm,4B Abraham Lincoln Jr. Lynz 4th,4B Bellevue Thunder 4th,4th Grade Bronze
Fall 2015,11/21/2015,Nebraska Elite,Court 2,4:00pm,4B CB Pink Panthers 4th,4B Bellevue Thunder 4th,4th Grade Bronze
Fall 2015,10/23/2015,Nebraska Elite,Court 2,7:30pm,4B Elkhorn Elite Black 4th,4B Bennington Badgers Blue 4th,4th Grade Bronze
Fall 2015,11/20/2015,Nebraska Elite,Court 2,7:30pm,4B Elkhorn Elite White 4th,4B Bennington Badgers Blue 4th,4th Grade Bronze
Fall 2015,11/7/2015,Nebraska Elite,Court 2,7:00pm,4B OSA 3rd/4th,4B Bennington Badgers Blue 4th,4th Grade Bronze
Fall 2015,12/4/2015,Nebraska Elite,Court 2,7:30pm,4B Westside White 4th,4B Bennington Badgers Blue 4th,4th Grade Bronze
Fall 2015,10/23/2015,Nebraska Elite,Court 1,5:30pm,4B Bellevue Thunder 4th,4B Blair White 4th,4th Grade Bronze
Fall 2015,11/21/2015,Nebraska Elite,Court 1,9:00am,4B Millard West Green 4th,4B Blair White 4th,4th Grade Bronze
Fall 2015,11/7/2015,Nebraska Elite,Court 1,9:00am,4B CB Pink Panthers 4th,4B Blair White 4th,4th Grade Bronze
Fall 2015,10/17/2015,Nebraska Elite,Court 2,4:00pm,4B Bennington Badgers Blue 4th,4B CB Pink Panthers 4th,4th Grade Bronze
Fall 2015,10/31/2015,Nebraska Elite,Court 2,4:00pm,4B Gretna Whyte 4th,4B CB Pink Panthers 4th,4th Grade Bronze
Fall 2015,11/14/2015,Nebraska Elite,Court 2,7:00pm,4B Abraham Lincoln Jr. Lynz 4th,4B CB Pink Panthers 4th,4th Grade Bronze
Fall 2015,12/4/2015,Nebraska Elite,Court 2,6:30pm,4B JCC Lady Lions 4th,4B CB Pink Panthers 4th,4th Grade Bronze
Fall 2015,10/16/2015,Nebraska Elite,Court 1,5:30pm,4B Elkhorn Elite White 4th,4B Elkhorn Elite Black 4th,4th Grade Bronze
Fall 2015,10/30/2015,Nebraska Elite,Court 1,5:30pm,4B Westside Red 4th,4B Elkhorn Elite Black 4th,4th Grade Bronze
Fall 2015,11/14/2015,Nebraska Elite,Court 2,4:00pm,4B Blair White 4th,4B Elkhorn Elite Black 4th,4th Grade Bronze
Fall 2015,12/5/2015,Nebraska Elite,Court 2,7:00pm,4B Bellevue Thunder 4th,4B Elkhorn Elite Black 4th,4th Grade Bronze
Fall 2015,10/24/2015,Nebraska Elite,Court 1,9:00am,4B Millard West Green 4th,4B Elkhorn Elite White 4th,4th Grade Bronze
Fall 2015,11/13/2015,Nebraska Elite,Court 2,7:30pm,4B Westside White 4th,4B Elkhorn Elite White 4th,4th Grade Bronze
Fall 2015,11/6/2015,Nebraska Elite,Court 2,7:30pm,4B PLV South Titans Blue 4th,4B Elkhorn Elite White 4th,4th Grade Bronze
Fall 2015,12/5/2015,Nebraska Elite,Court 2,4:00pm,4B Westside Red 4th,4B Elkhorn Elite White 4th,4th Grade Bronze
Fall 2015,10/23/2015,Nebraska Elite,Court 2,5:30pm,4B JCC Lady Lions 4th,4B Gretna Whyte 4th,4th Grade Bronze
Fall 2015,11/21/2015,Nebraska Elite,Court 2,7:00pm,4B OSA 3rd/4th,4B Gretna Whyte 4th,4th Grade Bronze
Fall 2015,11/6/2015,Nebraska Elite,Court 2,5:30pm,4B Elkhorn Elite Black 4th,4B Gretna Whyte 4th,4th Grade Bronze
Fall 2015,10/16/2015,Nebraska Elite,Court 2,5:30pm,4B Westside Red 4th,4B JCC Lady Lions 4th,4th Grade Bronze
Fall 2015,10/30/2015,Nebraska Elite,Court 2,7:30pm,4B Blair White 4th,4B JCC Lady Lions 4th,4th Grade Bronze
Fall 2015,11/13/2015,Nebraska Elite,Court 2,5:30pm,4B Bellevue Thunder 4th,4B JCC Lady Lions 4th,4th Grade Bronze
Fall 2015,10/16/2015,Nebraska Elite,Court 2,7:30pm,4B PLV South Titans Blue 4th,4B Millard West Green 4th,4th Grade Bronze
Fall 2015,10/30/2015,Nebraska Elite,Court 2,6:30pm,4B Bennington Badgers Blue 4th,4B Millard West Green 4th,4th Grade Bronze
Fall 2015,11/13/2015,Nebraska Elite,Court 2,6:30pm,4B Gretna Whyte 4th,4B Millard West Green 4th,4th Grade Bronze
Fall 2015,12/4/2015,Nebraska Elite,Court 1,5:30pm,4B Abraham Lincoln Jr. Lynz 4th,4B Millard West Green 4th,4th Grade Bronze
Fall 2015,10/17/2015,Nebraska Elite,Court 1,9:00am,4B Westside White 4th,4B OSA 3rd/4th,4th Grade Bronze
Fall 2015,10/31/2015,Nebraska Elite,Court 1,9:00am,4B Elkhorn Elite White 4th,4B OSA 3rd/4th,4th Grade Bronze
Fall 2015,11/14/2015,Nebraska Elite,Court 1,9:00am,4B Westside Red 4th,4B OSA 3rd/4th,4th Grade Bronze
Fall 2015,12/5/2015,Nebraska Elite,Court 1,9:00am,4B Blair White 4th,4B OSA 3rd/4th,4th Grade Bronze
Fall 2015,10/24/2015,Nebraska Elite,Court 2,7:00pm,4B OSA 3rd/4th,4B PLV South Titans Blue 4th,4th Grade Bronze
Fall 2015,10/31/2015,Nebraska Elite,Court 2,7:00pm,4B Westside White 4th,4B PLV South Titans Blue 4th,4th Grade Bronze
Fall 2015,11/13/2015,Nebraska Elite,Court 1,5:30pm,4B Bennington Badgers Blue 4th,4B PLV South Titans Blue 4th,4th Grade Bronze
Fall 2015,12/4/2015,Nebraska Elite,Court 2,5:30pm,4B Gretna Whyte 4th,4B PLV South Titans Blue 4th,4th Grade Bronze
Fall 2015,10/24/2015,Nebraska Elite,Court 2,4:00pm,4B CB Pink Panthers 4th,4B Westside Red 4th,4th Grade Bronze
Fall 2015,11/20/2015,Nebraska Elite,Court 2,6:30pm,4B PLV South Titans Blue 4th,4B Westside Red 4th,4th Grade Bronze
Fall 2015,11/7/2015,Nebraska Elite,Court 2,4:00pm,4B Millard West Green 4th,4B Westside Red 4th,4th Grade Bronze
Fall 2015,10/23/2015,Nebraska Elite,Court 2,6:30pm,4B Abraham Lincoln Jr. Lynz 4th,4B Westside White 4th,4th Grade Bronze
Fall 2015,11/20/2015,Nebraska Elite,Court 2,5:30pm,4B JCC Lady Lions 4th,4B Westside White 4th,4th Grade Bronze
Fall 2015,11/6/2015,Nebraska Elite,Court 1,5:30pm,4B Bellevue Thunder 4th,4B Westside White 4th,4th Grade Bronze
Fall 2015,10/24/2015,Nebraska Elite,Court 1,1:00pm,4GSA Millard West Black 4th,4GSA Elkhorn Elite Gold 4th,4th Grade Gold/Silver A
Fall 2015,11/21/2015,Nebraska Elite,Court 2,3:00pm,4GSA Omaha Crush 4th,4GSA Elkhorn Elite Gold 4th,4th Grade Gold/Silver A
Fall 2015,11/7/2015,Nebraska Elite,Court 1,1:00pm,4GSA Westside Black 4th,4GSA Elkhorn Elite Gold 4th,4th Grade Gold/Silver A
Fall 2015,10/24/2015,Nebraska Elite,Court 2,3:00pm,4GSA PLV Monarchs 4th,4GSA Marian Jr Crusaders Black 4th,4th Grade Gold/Silver A
Fall 2015,11/8/2015,Nebraska Elite,Court 1,10:00am,4GSA Marian Jr Cursaders White 4th,4GSA Marian Jr Crusaders Black 4th,4th Grade Gold/Silver A
Fall 2015,12/5/2015,Nebraska Elite,Court 1,1:00pm,4GSA Elkhorn Elite Gold 4th,4GSA Marian Jr Crusaders Black 4th,4th Grade Gold/Silver A
Fall 2015,12/5/2015,Nebraska Elite,Court 2,2:00pm,4GSA Millard West Black 4th,4GSA Marian Jr Crusaders Black 4th,4th Grade Gold/Silver A
Fall 2015,10/17/2015,Nebraska Elite,Court 2,3:00pm,4GSA Millard South 4th,4GSA Marian Jr Cursaders White 4th,4th Grade Gold/Silver A
Fall 2015,11/1/2015,Nebraska Elite,Court 1,10:00am,4GSA Elkhorn Elite Gold 4th,4GSA Marian Jr Cursaders White 4th,4th Grade Gold/Silver A
Fall 2015,11/15/2015,Nebraska Elite,Court 1,10:00am,4GSA Westside Black 4th,4GSA Marian Jr Cursaders White 4th,4th Grade Gold/Silver A
Fall 2015,12/6/2015,Nebraska Elite,Court 1,10:00am,4GSA PLV Monarchs 4th,4GSA Marian Jr Cursaders White 4th,4th Grade Gold/Silver A
Fall 2015,10/17/2015,Nebraska Elite,Court 1,1:00pm,4GSA Elkhorn Elite Gold 4th,4GSA Millard South 4th,4th Grade Gold/Silver A
Fall 2015,11/21/2015,Nebraska Elite,Court 1,1:00pm,4GSA Marian Jr Crusaders Black 4th,4GSA Millard South 4th,4th Grade Gold/Silver A
Fall 2015,11/7/2015,Nebraska Elite,Court 2,2:00pm,4GSA PLV Monarchs 4th,4GSA Millard South 4th,4th Grade Gold/Silver A
Fall 2015,10/24/2015,Nebraska Elite,Court 2,2:00pm,4GSA Westside Black 4th,4GSA Millard West Black 4th,4th Grade Gold/Silver A
Fall 2015,11/14/2015,Nebraska Elite,Court 2,3:00pm,4GSA Millard South 4th,4GSA Millard West Black 4th,4th Grade Gold/Silver A
Fall 2015,11/22/2015,Nebraska Elite,Court 1,10:00am,4GSA Marian Jr Cursaders White 4th,4GSA Millard West Black 4th,4th Grade Gold/Silver A
Fall 2015,11/7/2015,Nebraska Elite,Court 2,3:00pm,4GSA Omaha Crush 4th,4GSA Millard West Black 4th,4th Grade Gold/Silver A
Fall 2015,10/25/2015,Nebraska Elite,Court 1,10:00am,4GSA Marian Jr Cursaders White 4th,4GSA Omaha Crush 4th,4th Grade Gold/Silver A
Fall 2015,10/31/2015,Nebraska Elite,Court 2,2:00pm,4GSA Marian Jr Crusaders Black 4th,4GSA Omaha Crush 4th,4th Grade Gold/Silver A
Fall 2015,11/14/2015,Nebraska Elite,Court 1,1:00pm,4GSA Millard South 4th,4GSA Omaha Crush 4th,4th Grade Gold/Silver A
Fall 2015,12/5/2015,Nebraska Elite,Court 2,3:00pm,4GSA Westside Black 4th,4GSA Omaha Crush 4th,4th Grade Gold/Silver A
Fall 2015,10/17/2015,Nebraska Elite,Court 2,2:00pm,4GSA Omaha Crush 4th,4GSA PLV Monarchs 4th,4th Grade Gold/Silver A
Fall 2015,10/31/2015,Nebraska Elite,Court 1,1:00pm,4GSA Millard West Black 4th,4GSA PLV Monarchs 4th,4th Grade Gold/Silver A
Fall 2015,11/14/2015,Nebraska Elite,Court 2,2:00pm,4GSA Elkhorn Elite Gold 4th,4GSA PLV Monarchs 4th,4th Grade Gold/Silver A
Fall 2015,10/18/2015,Nebraska Elite,Court 1,10:00am,4GSA Marian Jr Crusaders Black 4th,4GSA Westside Black 4th,4th Grade Gold/Silver A
Fall 2015,10/31/2015,Nebraska Elite,Court 2,3:00pm,4GSA Millard South 4th,4GSA Westside Black 4th,4th Grade Gold/Silver A
Fall 2015,11/21/2015,Nebraska Elite,Court 2,2:00pm,4GSA PLV Monarchs 4th,4GSA Westside Black 4th,4th Grade Gold/Silver A
Fall 2015,10/17/2015,Nebraska Elite,Court 1,10:00am,4SB Gretna Rose 4th,4SB Blair Purple 4th,4th Grade Gold/Silver B
Fall 2015,10/31/2015,Nebraska Elite,Court 1,12:00pm,4SB Harlan Cyclones Red 4th,4SB Blair Purple 4th,4th Grade Gold/Silver B
Fall 2015,11/14/2015,Nebraska Elite,Court 1,10:00am,4SB Marian Jr Cursaders Blue 4th,4SB Blair Purple 4th,4th Grade Gold/Silver B
Fall 2015,11/21/2015,Nebraska Elite,Court 1,11:00am,4SB Harlan Cyclones White 4th,4SB Blair Purple 4th,4th Grade Gold/Silver B
Fall 2015,10/17/2015,Nebraska Elite,Court 1,11:00am,4SB Wahoops 4th,4SB Elkhorn Elite Blue 4th,4th Grade Gold/Silver B
Fall 2015,11/21/2015,Nebraska Elite,Court 1,12:00pm,4SB Blair Purple 4th,4SB Elkhorn Elite Blue 4th,4th Grade Gold/Silver B
Fall 2015,11/7/2015,Nebraska Elite,Court 1,11:00am,4SB Harlan Cyclones White 4th,4SB Elkhorn Elite Blue 4th,4th Grade Gold/Silver B
Fall 2015,12/6/2015,Nebraska Elite,Court 1,9:00am,4SB Marian Jr Cursaders Blue 4th,4SB Elkhorn Elite Blue 4th,4th Grade Gold/Silver B
Fall 2015,10/18/2015,Nebraska Elite,Court 1,9:00am,4SB Harlan Cyclones Red 4th,4SB Elkhorn Elite Red 4th,4th Grade Gold/Silver B
Fall 2015,11/15/2015,Nebraska Elite,Court 1,9:00am,4SB Elkhorn Elite Blue 4th,4SB Elkhorn Elite Red 4th,4th Grade Gold/Silver B
Fall 2015,11/8/2015,Nebraska Elite,Court 1,9:00am,4SB Blair Purple 4th,4SB Elkhorn Elite Red 4th,4th Grade Gold/Silver B
Fall 2015,12/5/2015,Nebraska Elite,Court 1,11:00am,4SB Gretna Rose 4th,4SB Elkhorn Elite Red 4th,4th Grade Gold/Silver B
Fall 2015,10/24/2015,Nebraska Elite,Court 1,12:00pm,4SB Harlan Cyclones White 4th,4SB Gretna Rose 4th,4th Grade Gold/Silver B
Fall 2015,10/31/2015,Nebraska Elite,Court 1,11:00am,4SB Elkhorn Elite Blue 4th,4SB Gretna Rose 4th,4th Grade Gold/Silver B
Fall 2015,11/14/2015,Nebraska Elite,Court 1,12:00pm,4SB Harlan Cyclones Red 4th,4SB Gretna Rose 4th,4th Grade Gold/Silver B
Fall 2015,10/24/2015,Nebraska Elite,Court 1,10:00am,4SB Elkhorn Elite Blue 4th,4SB Harlan Cyclones Red 4th,4th Grade Gold/Silver B
Fall 2015,10/24/2015,Nebraska Elite,Court 1,11:00am,4SB Wahoops 4th,4SB Harlan Cyclones Red 4th,4th Grade Gold/Silver B
Fall 2015,11/7/2015,Nebraska Elite,Court 1,10:00am,4SB Marian Jr Cursaders Blue 4th,4SB Harlan Cyclones Red 4th,4th Grade Gold/Silver B
Fall 2015,10/17/2015,Nebraska Elite,Court 1,12:00pm,4SB Marian Jr Cursaders Blue 4th,4SB Harlan Cyclones White 4th,4th Grade Gold/Silver B
Fall 2015,11/1/2015,Nebraska Elite,Court 1,9:00am,4SB Elkhorn Elite Red 4th,4SB Harlan Cyclones White 4th,4th Grade Gold/Silver B
Fall 2015,11/14/2015,Nebraska Elite,Court 1,11:00am,4SB Wahoops 4th,4SB Harlan Cyclones White 4th,4th Grade Gold/Silver B
Fall 2015,12/5/2015,Nebraska Elite,Court 1,10:00am,4SB Blair Purple 4th,4SB Harlan Cyclones White 4th,4th Grade Gold/Silver B
Fall 2015,10/25/2015,Nebraska Elite,Court 1,9:00am,4SB Elkhorn Elite Red 4th,4SB Marian Jr Cursaders Blue 4th,4th Grade Gold/Silver B
Fall 2015,10/31/2015,Nebraska Elite,Court 1,10:00am,4SB Wahoops 4th,4SB Marian Jr Cursaders Blue 4th,4th Grade Gold/Silver B
Fall 2015,11/21/2015,Nebraska Elite,Court 1,10:00am,4SB Gretna Rose 4th,4SB Marian Jr Cursaders Blue 4th,4th Grade Gold/Silver B
Fall 2015,11/22/2015,Nebraska Elite,Court 1,9:00am,4SB Elkhorn Elite Red 4th,4SB Wahoops 4th,4th Grade Gold/Silver B
Fall 2015,11/7/2015,Nebraska Elite,Court 1,12:00pm,4SB Gretna Rose 4th,4SB Wahoops 4th,4th Grade Gold/Silver B
Fall 2015,12/5/2015,Nebraska Elite,Court 1,12:00pm,4SB Harlan Cyclones Red 4th,4SB Wahoops 4th,4th Grade Gold/Silver B
Fall 2015,10/24/2015,JCC,Court 2,4:00pm,5B Millard West Grey 5th,5B Abraham Lincoln Jr Lynx 5th,5th Grade Bronze
Fall 2015,10/31/2015,Elkhorn Ridge Middle School,Court 2,11:00am,5B Elkhorn Elite Black 5th,5B Abraham Lincoln Jr Lynx 5th,5th Grade Bronze
Fall 2015,11/14/2015,JCC,Court 2,3:00pm,5B DC West Falcon Swish 5th,5B Abraham Lincoln Jr Lynx 5th,5th Grade Bronze
Fall 2015,12/5/2015,JCC,Court 2,4:00pm,5B PLV South Titans Blue 5th,5B Abraham Lincoln Jr Lynx 5th,5th Grade Bronze
Fall 2015,10/17/2015,Elkhorn Ridge Middle School,Court 2,12:00pm,5B Thunder 5th,5B Bennington Badgers Black 5th,5th Grade Bronze
Fall 2015,10/31/2015,JCC,Court 2,3:00pm,5B Blair White 5th,5B Bennington Badgers Black 5th,5th Grade Bronze
Fall 2015,11/14/2015,JCC,Court 2,10:00am,5B Gretna Ritterbush 5th,5B Bennington Badgers Black 5th,5th Grade Bronze
Fall 2015,10/17/2015,JCC,Court 2,10:00am,5B PLV South Titans Blue 5th,5B Bennington Badgers White 5th,5th Grade Bronze
Fall 2015,10/31/2015,JCC,Court 2,2:00pm,5B Westside Red 5th,5B Bennington Badgers White 5th,5th Grade Bronze
Fall 2015,11/21/2015,JCC,Court 2,4:00pm,5B Marian Jr Crusaders Silver 5th,5B Bennington Badgers White 5th,5th Grade Bronze
Fall 2015,10/24/2015,Elkhorn Ridge Middle School,Court 2,11:00am,5B Marian Jr Crusaders Silver 5th,5B Blair White 5th,5th Grade Bronze
Fall 2015,11/21/2015,JCC,Court 2,9:00am,5B Abraham Lincoln Jr Lynx 5th,5B Blair White 5th,5th Grade Bronze
Fall 2015,11/7/2015,JCC,Court 2,2:00pm,5B Elkhorn Elite White 5th,5B Blair White 5th,5th Grade Bronze
Fall 2015,10/24/2015,Elkhorn Ridge Middle School,Court 2,12:00pm,5B Bennington Badgers Black 5th,5B DC West Falcon Swish 5th,5th Grade Bronze
Fall 2015,11/21/2015,JCC,Court 2,10:00am,5B Thunder 5th,5B DC West Falcon Swish 5th,5th Grade Bronze
Fall 2015,11/7/2015,JCC,Court 2,10:00am,5B Millard West Grey 5th,5B DC West Falcon Swish 5th,5th Grade Bronze
Fall 2015,12/5/2015,JCC,Court 2,3:00pm,5B Elkhorn Elite Black 5th,5B DC West Falcon Swish 5th,5th Grade Bronze
Fall 2015,10/24/2015,JCC,Court 2,10:00am,5B Westside Red 5th,5B Elkhorn Elite Black 5th,5th Grade Bronze
Fall 2015,11/21/2015,Elkhorn Ridge Middle School,Court 2,12:00pm,5B Pink Force Bronze 5th,5B Elkhorn Elite Black 5th,5th Grade Bronze
Fall 2015,11/7/2015,JCC,Court 2,3:00pm,5B Bennington Badgers White 5th,5B Elkhorn Elite Black 5th,5th Grade Bronze
Fall 2015,10/17/2015,JCC,Court 2,4:00pm,5B Abraham Lincoln Jr Lynx 5th,5B Elkhorn Elite White 5th,5th Grade Bronze
Fall 2015,10/31/2015,JCC,Court 2,9:00am,5B DC West Falcon Swish 5th,5B Elkhorn Elite White 5th,5th Grade Bronze
Fall 2015,11/14/2015,Elkhorn Ridge Middle School,Court 2,11:00am,5B PLV South Titans Blue 5th,5B Elkhorn Elite White 5th,5th Grade Bronze
Fall 2015,12/5/2015,JCC,Court 2,10:00am,5B Westside Red 5th,5B Elkhorn Elite White 5th,5th Grade Bronze
Fall 2015,12/5/2015,Elkhorn Ridge Middle School,Court 2,11:00am,5B Bennington Badgers White 5th,5B Elkhorn Elite White 5th,5th Grade Bronze
Fall 2015,10/31/2015,JCC,Court 2,10:00am,5B Bennington Badgers White 5th,5B Gretna Ritterbush 5th,5th Grade Bronze
Fall 2015,11/21/2015,Elkhorn Ridge Middle School,Court 2,11:00am,5B Elkhorn Elite White 5th,5B Gretna Ritterbush 5th,5th Grade Bronze
Fall 2015,11/7/2015,JCC,Court 2,4:00pm,5B Marian Jr Crusaders Silver 5th,5B Gretna Ritterbush 5th,5th Grade Bronze
Fall 2015,10/17/2015,JCC,Court 2,2:00pm,5B DC West Falcon Swish 5th,5B Marian Jr Crusaders Silver 5th,5th Grade Bronze
Fall 2015,10/31/2015,Elkhorn Ridge Middle School,Court 2,12:00pm,5B PLV South Titans Blue 5th,5B Marian Jr Crusaders Silver 5th,5th Grade Bronze
Fall 2015,11/14/2015,JCC,Court 2,9:00am,5B Westside Red 5th,5B Marian Jr Crusaders Silver 5th,5th Grade Bronze
Fall 2015,12/5/2015,Elkhorn Ridge Middle School,Court 2,12:00pm,5B Pink Force Bronze 5th,5B Marian Jr Crusaders Silver 5th,5th Grade Bronze
Fall 2015,10/17/2015,JCC,Court 2,9:00am,5B Elkhorn Elite Black 5th,5B Millard West Grey 5th,5th Grade Bronze
Fall 2015,10/31/2015,JCC,Court 2,4:00pm,5B Thunder 5th,5B Millard West Grey 5th,5th Grade Bronze
Fall 2015,11/14/2015,JCC,Court 2,4:00pm,5B Blair White 5th,5B Millard West Grey 5th,5th Grade Bronze
Fall 2015,12/5/2015,JCC,Court 2,2:00pm,5B Gretna Ritterbush 5th,5B Millard West Grey 5th,5th Grade Bronze
Fall 2015,10/17/2015,Elkhorn Ridge Middle School,Court 2,11:00am,5B Blair White 5th,5B Pink Force Bronze 5th,5th Grade Bronze
Fall 2015,10/24/2015,JCC,Court 2,3:00pm,5B Gretna Ritterbush 5th,5B Pink Force Bronze 5th,5th Grade Bronze
Fall 2015,11/14/2015,Elkhorn Ridge Middle School,Court 2,12:00pm,5B Bennington Badgers White 5th,5B Pink Force Bronze 5th,5th Grade Bronze
Fall 2015,10/24/2015,JCC,Court 2,2:00pm,5B Pink Force Bronze 5th,5B PLV South Titans Blue 5th,5th Grade Bronze
Fall 2015,11/21/2015,JCC,Court 2,3:00pm,5B Millard West Grey 5th,5B PLV South Titans Blue 5th,5th Grade Bronze
Fall 2015,11/7/2015,JCC,Court 2,9:00am,5B Bennington Badgers Black 5th,5B PLV South Titans Blue 5th,5th Grade Bronze
Fall 2015,10/24/2015,JCC,Court 2,9:00am,5B Elkhorn Elite White 5th,5B Thunder 5th,5th Grade Bronze
Fall 2015,11/14/2015,JCC,Court 2,2:00pm,5B Elkhorn Elite Black 5th,5B Thunder 5th,5th Grade Bronze
Fall 2015,11/7/2015,Elkhorn Ridge Middle School,Court 2,11:00am,5B Abraham Lincoln Jr Lynx 5th,5B Thunder 5th,5th Grade Bronze
Fall 2015,12/5/2015,JCC,Court 2,9:00am,5B Blair White 5th,5B Thunder 5th,5th Grade Bronze
Fall 2015,10/17/2015,JCC,Court 2,3:00pm,5B Gretna Ritterbush 5th,5B Westside Red 5th,5th Grade Bronze
Fall 2015,11/21/2015,JCC,Court 2,2:00pm,5B Bennington Badgers Black 5th,5B Westside Red 5th,5th Grade Bronze
Fall 2015,11/7/2015,Elkhorn Ridge Middle School,Court 2,12:00pm,5B Pink Force Bronze 5th,5B Westside Red 5th,5th Grade Bronze
Fall 2015,10/24/2015,Elkhorn Ridge Middle School,Court 1,12:00pm,6B PLV Mondarchs White 5th/6th,5B Westside Red 6th,5th Grade Bronze
Fall 2015,10/31/2015,Elkhorn Ridge Middle School,Court 1,9:00am,6B Elkhorn Elite White 6th,5B Westside Red 6th,5th Grade Bronze
Fall 2015,11/14/2015,Elkhorn Ridge Middle School,Court 1,1:00pm,6B Harlan Cyclones Red 6th,5B Westside Red 6th,5th Grade Bronze
Fall 2015,12/5/2015,Elkhorn Ridge Middle School,Court 1,12:00pm,6B Elkhorn Elite Blue 6th,5B Westside Red 6th,5th Grade Bronze
Fall 2015,10/17/2015,Elkhorn Ridge Middle School,Court 2,9:00am,5G OSA 5th,5G Elkhorn Elite Gold 5th,5th Grade Gold
Fall 2015,11/14/2015,Elkhorn Ridge Middle School,Court 2,5:00pm,5G Lady Grizzlies Black 5th,5G Elkhorn Elite Gold 5th,5th Grade Gold
Fall 2015,12/5/2015,Elkhorn Ridge Middle School,Court 2,5:00pm,5G Fremont Elite 4th/5th,5G Elkhorn Elite Gold 5th,5th Grade Gold
Fall 2015,10/24/2015,Elkhorn Ridge Middle School,Court 2,6:00pm,5G Lincoln Huskies 5th,5G Fremont Elite 4th/5th,5th Grade Gold
Fall 2015,11/14/2015,Elkhorn Ridge Middle School,Court 2,4:00pm,5G PLV South Titans black 5th,5G Fremont Elite 4th/5th,5th Grade Gold
Fall 2015,11/7/2015,Elkhorn Ridge Middle School,Court 2,3:00pm,5G Marian Jr Crusaders Blue 5th,5G Fremont Elite 4th/5th,5th Grade Gold
Fall 2015,12/5/2015,Elkhorn Ridge Middle School,Court 2,6:00pm,5G Lady Grizzlies Black 5th,5G Fremont Elite 4th/5th,5th Grade Gold
Fall 2015,10/17/2015,Elkhorn Ridge Middle School,Court 2,4:00pm,5G PLV South Titans black 5th,5G Lady Grizzlies Black 5th,5th Grade Gold
Fall 2015,11/21/2015,Elkhorn Ridge Middle School,Court 2,3:00pm,5G Marian Jr Crusaders Blue 5th,5G Lady Grizzlies Black 5th,5th Grade Gold
Fall 2015,11/7/2015,Elkhorn Ridge Middle School,Court 2,6:00pm,5G Nebraska Lasers Gold 5th,5G Lady Grizzlies Black 5th,5th Grade Gold
Fall 2015,10/17/2015,Elkhorn Ridge Middle School,Court 2,5:00pm,5G Nebraska Lasers Gold 5th,5G Lincoln Huskies 5th,5th Grade Gold
Fall 2015,10/31/2015,Elkhorn Ridge Middle School,Court 2,3:00pm,5G Marian Jr Crusaders Blue 5th,5G Lincoln Huskies 5th,5th Grade Gold
Fall 2015,11/14/2015,Elkhorn Ridge Middle School,Court 2,6:00pm,5G Elkhorn Elite Gold 5th,5G Lincoln Huskies 5th,5th Grade Gold
Fall 2015,11/7/2015,Elkhorn Ridge Middle School,Court 2,4:00pm,5G Lady Grizzlies Black 5th,5G Lincoln Huskies 5th,5th Grade Gold
Fall 2015,10/24/2015,Elkhorn Ridge Middle School,Court 2,4:00pm,5G Elkhorn Elite Gold 5th,5G Marian Jr Crusaders Blue 5th,5th Grade Gold
Fall 2015,10/31/2015,Elkhorn Ridge Middle School,Court 2,5:00pm,5G PLV South Titans black 5th,5G Marian Jr Crusaders Blue 5th,5th Grade Gold
Fall 2015,11/21/2015,Elkhorn Ridge Middle School,Court 2,6:00pm,5G Nebraska Lasers Gold 5th,5G Marian Jr Crusaders Blue 5th,5th Grade Gold
Fall 2015,10/17/2015,Elkhorn Ridge Middle School,Court 2,6:00pm,5G Fremont Elite 4th/5th,5G Nebraska Lasers Gold 5th,5th Grade Gold
Fall 2015,11/21/2015,Elkhorn Ridge Middle School,Court 2,5:00pm,5G OSA 5th,5G Nebraska Lasers Gold 5th,5th Grade Gold
Fall 2015,11/7/2015,Elkhorn Ridge Middle School,Court 2,5:00pm,5G Elkhorn Elite Gold 5th,5G Nebraska Lasers Gold 5th,5th Grade Gold
Fall 2015,10/24/2015,Elkhorn Ridge Middle School,Court 2,3:00pm,5G Lady Grizzlies Black 5th,5G OSA 5th,5th Grade Gold
Fall 2015,10/31/2015,Elkhorn Ridge Middle School,Court 2,6:00pm,5G Lincoln Huskies 5th,5G OSA 5th,5th Grade Gold
Fall 2015,11/14/2015,Elkhorn Ridge Middle School,Court 2,3:00pm,5G Fremont Elite 4th/5th,5G OSA 5th,5th Grade Gold
Fall 2015,12/5/2015,Elkhorn Ridge Middle School,Court 2,3:00pm,5G Marian Jr Crusaders Blue 5th,5G OSA 5th,5th Grade Gold
Fall 2015,10/24/2015,Elkhorn Ridge Middle School,Court 2,5:00pm,5G Nebraska Lasers Gold 5th,5G PLV South Titans black 5th,5th Grade Gold
Fall 2015,10/31/2015,Elkhorn Ridge Middle School,Court 2,4:00pm,5G OSA 5th,5G PLV South Titans black 5th,5th Grade Gold
Fall 2015,11/21/2015,Elkhorn Ridge Middle School,Court 2,4:00pm,5G Lincoln Huskies 5th,5G PLV South Titans black 5th,5th Grade Gold
Fall 2015,12/5/2015,Elkhorn Ridge Middle School,Court 2,4:00pm,5G Elkhorn Elite Gold 5th,5G PLV South Titans black 5th,5th Grade Gold
Fall 2015,10/24/2015,JCC,Court 2,1:00pm,5SA Gretna Lofberg 5th,5SA Bellevue Thunder 5th,5th Grade Silver A
Fall 2015,10/24/2015,JCC,Court 2,11:00am,5SA Millard West Green 5th,5SA Bellevue Thunder 5th,5th Grade Silver A
Fall 2015,11/21/2015,Elkhorn Ridge Middle School,Court 2,10:00am,5SA Elkhorn Elite Red 5th,5SA Bellevue Thunder 5th,5th Grade Silver A
Fall 2015,10/24/2015,Elkhorn Ridge Middle School,Court 2,10:00am,5SA Millard North Silver 5th,5SA Elkhorn Elite Red 5th,5th Grade Silver A
Fall 2015,10/31/2015,Elkhorn Ridge Middle School,Court 2,10:00am,5SA OSA 4th,5SA Elkhorn Elite Red 5th,5th Grade Silver A
Fall 2015,11/14/2015,Elkhorn Ridge Middle School,Court 2,10:00am,5SA Fury 5th,5SA Elkhorn Elite Red 5th,5th Grade Silver A
Fall 2015,12/5/2015,Elkhorn Ridge Middle School,Court 2,10:00am,5SA Gretna Lofberg 5th,5SA Elkhorn Elite Red 5th,5th Grade Silver A
Fall 2015,10/24/2015,Nebraska Elite,Court 1,2:00pm,5SA Westside Black 5th,5SA Fury 5th,5th Grade Silver A
Fall 2015,11/21/2015,JCC,Court 2,11:00am,5SA OSA 4th,5SA Fury 5th,5th Grade Silver A
Fall 2015,11/7/2015,JCC,Court 2,1:00pm,5SA Marian Jr Cursaders White 5th,5SA Fury 5th,5th Grade Silver A
Fall 2015,10/17/2015,JCC,Court 2,1:00pm,5SA Fury 5th,5SA Gretna Lofberg 5th,5th Grade Silver A
Fall 2015,11/21/2015,JCC,Court 2,1:00pm,5SA Westside Black 5th,5SA Gretna Lofberg 5th,5th Grade Silver A
Fall 2015,11/7/2015,JCC,Court 2,11:00am,5SA Marian Jr Cursaders White 5th,5SA Gretna Lofberg 5th,5th Grade Silver A
Fall 2015,10/31/2015,JCC,Court 2,1:00pm,5SA Bellevue Thunder 5th,5SA Marian Jr Cursaders White 5th,5th Grade Silver A
Fall 2015,11/14/2015,JCC,Court 2,12:00pm,5SA Oakland-Craig 5th,5SA Marian Jr Cursaders White 5th,5th Grade Silver A
Fall 2015,12/5/2015,JCC,Court 2,11:00am,5SA Millard West Green 5th,5SA Marian Jr Cursaders White 5th,5th Grade Silver A
Fall 2015,10/17/2015,Nebraska Elite,Court 1,2:00pm,5SA Bellevue Thunder 5th,5SA Millard North Silver 5th,5th Grade Silver A
Fall 2015,11/14/2015,JCC,Court 2,1:00pm,5SA Marian Jr Cursaders White 5th,5SA Millard North Silver 5th,5th Grade Silver A
Fall 2015,11/21/2015,Nebraska Elite,Court 1,2:00pm,5SA Millard West Green 5th,5SA Millard North Silver 5th,5th Grade Silver A
Fall 2015,11/7/2015,JCC,Court 2,12:00pm,5SA Gretna Lofberg 5th,5SA Millard North Silver 5th,5th Grade Silver A
Fall 2015,10/17/2015,JCC,Court 2,11:00am,5SA OSA 4th,5SA Millard West Green 5th,5th Grade Silver A
Fall 2015,10/31/2015,Nebraska Elite,Court 1,2:00pm,5SA Fury 5th,5SA Millard West Green 5th,5th Grade Silver A
Fall 2015,11/14/2015,Nebraska Elite,Court 1,2:00pm,5SA Gretna Lofberg 5th,5SA Millard West Green 5th,5th Grade Silver A
Fall 2015,11/21/2015,JCC,Court 2,12:00pm,5SA Millard North Silver 5th,5SA Oakland-Craig 5th,5th Grade Silver A
Fall 2015,11/7/2015,Elkhorn Ridge Middle School,Court 2,10:00am,5SA Elkhorn Elite Red 5th,5SA Oakland-Craig 5th,5th Grade Silver A
Fall 2015,11/7/2015,Nebraska Elite,Court 1,2:00pm,5SA Millard West Green 5th,5SA Oakland-Craig 5th,5th Grade Silver A
Fall 2015,12/5/2015,Nebraska Elite,Court 1,2:00pm,5SA Fury 5th,5SA Oakland-Craig 5th,5th Grade Silver A
Fall 2015,10/17/2015,JCC,Court 2,12:00pm,5SA Millard North Silver 5th,5SA OSA 4th,5th Grade Silver A
Fall 2015,10/24/2015,JCC,Court 2,12:00pm,5SA Westside Black 5th,5SA OSA 4th,5th Grade Silver A
Fall 2015,10/31/2015,JCC,Court 2,12:00pm,5SA Oakland-Craig 5th,5SA OSA 4th,5th Grade Silver A
Fall 2015,12/5/2015,JCC,Court 2,1:00pm,5SA Bellevue Thunder 5th,5SA OSA 4th,5th Grade Silver A
Fall 2015,10/17/2015,Elkhorn Ridge Middle School,Court 2,10:00am,5SA Elkhorn Elite Red 5th,5SA Westside Black 5th,5th Grade Silver A
Fall 2015,10/31/2015,JCC,Court 2,11:00am,5SA Oakland-Craig 5th,5SA Westside Black 5th,5th Grade Silver A
Fall 2015,11/14/2015,JCC,Court 2,11:00am,5SA Bellevue Thunder 5th,5SA Westside Black 5th,5th Grade Silver A
Fall 2015,12/5/2015,JCC,Court 2,12:00pm,5SA Marian Jr Cursaders White 5th,5SA Westside Black 5th,5th Grade Silver A
Fall 2015,10/24/2015,Elkhorn Ridge Middle School,Court 1,2:00pm,5SB Blair Purple 5th,5SB 51ers 5th,5th Grade Silver B
Fall 2015,11/14/2015,Elkhorn Ridge Middle School,Court 1,4:00pm,5SB PLV Monarchs 5th,5SB 51ers 5th,5th Grade Silver B
Fall 2015,11/7/2015,Elkhorn Ridge Middle School,Court 1,4:00pm,5SB Pink Force Silver 5th,5SB 51ers 5th,5th Grade Silver B
Fall 2015,10/24/2015,Elkhorn Ridge Middle School,Court 1,3:00pm,5SB Millard South 5th,5SB Bennington Badgers Blue 5th,5th Grade Silver B
Fall 2015,10/31/2015,Elkhorn Ridge Middle School,Court 1,2:00pm,5SB Harlan Cyclones 5th,5SB Bennington Badgers Blue 5th,5th Grade Silver B
Fall 2015,11/21/2015,JCC,Court 1,9:00am,5SB Marian Jr Crusaders Black 5th,5SB Bennington Badgers Blue 5th,5th Grade Silver B
Fall 2015,10/17/2015,JCC,Court 1,10:00am,5SB Bennington Badgers Blue 5th,5SB Blair Purple 5th,5th Grade Silver B
Fall 2015,11/21/2015,Elkhorn Ridge Middle School,Court 1,4:00pm,5SB Harlan Cyclones 5th,5SB Blair Purple 5th,5th Grade Silver B
Fall 2015,11/7/2015,Elkhorn Ridge Middle School,Court 1,3:00pm,5SB Millard South 5th,5SB Blair Purple 5th,5th Grade Silver B
Fall 2015,11/14/2015,JCC,Court 1,10:00am,5SB Pink Force Silver 5th,5SB Elkhorn Elite Blue 5th,5th Grade Silver B
Fall 2015,11/21/2015,Elkhorn Ridge Middle School,Court 1,3:00pm,5SB Millard West White 5th,5SB Elkhorn Elite Blue 5th,5th Grade Silver B
Fall 2015,12/5/2015,Elkhorn Ridge Middle School,Court 1,2:00pm,5SB Bennington Badgers Blue 5th,5SB Elkhorn Elite Blue 5th,5th Grade Silver B
Fall 2015,12/5/2015,Elkhorn Ridge Middle School,Court 1,4:00pm,5SB PLV Monarchs 5th,5SB Elkhorn Elite Blue 5th,5th Grade Silver B
Fall 2015,10/17/2015,Elkhorn Ridge Middle School,Court 1,3:00pm,5SB Millard South 5th,5SB Harlan Cyclones 5th,5th Grade Silver B
Fall 2015,10/17/2015,Elkhorn Ridge Middle School,Court 1,4:00pm,5SB PLV Monarchs 5th,5SB Harlan Cyclones 5th,5th Grade Silver B
Fall 2015,10/31/2015,Elkhorn Ridge Middle School,Court 1,3:00pm,5SB Elkhorn Elite Blue 5th,5SB Harlan Cyclones 5th,5th Grade Silver B
Fall 2015,11/21/2015,Elkhorn Ridge Middle School,Court 1,2:00pm,5SB 51ers 5th,5SB Harlan Cyclones 5th,5th Grade Silver B
Fall 2015,10/24/2015,JCC,Court 1,9:00am,5SB Harlan Cyclones 5th,5SB Marian Jr Crusaders Black 5th,5th Grade Silver B
Fall 2015,11/14/2015,JCC,Court 1,9:00am,5SB Elkhorn Elite Blue 5th,5SB Marian Jr Crusaders Black 5th,5th Grade Silver B
Fall 2015,11/7/2015,JCC,Court 1,9:00am,5SB Millard West White 5th,5SB Marian Jr Crusaders Black 5th,5th Grade Silver B
Fall 2015,12/5/2015,JCC,Court 1,9:00am,5SB 51ers 5th,5SB Marian Jr Crusaders Black 5th,5th Grade Silver B
Fall 2015,10/17/2015,Elkhorn Ridge Middle School,Court 1,2:00pm,5SB Elkhorn Elite Blue 5th,5SB Millard South 5th,5th Grade Silver B
Fall 2015,10/31/2015,Elkhorn Ridge Middle School,Court 1,4:00pm,5SB 51ers 5th,5SB Millard South 5th,5th Grade Silver B
Fall 2015,11/21/2015,JCC,Court 1,10:00am,5SB Pink Force Silver 5th,5SB Millard South 5th,5th Grade Silver B
Fall 2015,10/31/2015,JCC,Court 1,10:00am,5SB Blair Purple 5th,5SB Millard West White 5th,5th Grade Silver B
Fall 2015,11/14/2015,Elkhorn Ridge Middle School,Court 1,3:00pm,5SB Millard South 5th,5SB Millard West White 5th,5th Grade Silver B
Fall 2015,11/7/2015,JCC,Court 1,10:00am,5SB 51ers 5th,5SB Millard West White 5th,5th Grade Silver B
Fall 2015,12/5/2015,JCC,Court 1,10:00am,5SB Pink Force Silver 5th,5SB Millard West White 5th,5th Grade Silver B
Fall 2015,10/17/2015,JCC,Court 1,9:00am,5SB Marian Jr Crusaders Black 5th,5SB Pink Force Silver 5th,5th Grade Silver B
Fall 2015,10/24/2015,Elkhorn Ridge Middle School,Court 1,4:00pm,5SB Bennington Badgers Blue 5th,5SB Pink Force Silver 5th,5th Grade Silver B
Fall 2015,11/7/2015,Elkhorn Ridge Middle School,Court 1,2:00pm,5SB Blair Purple 5th,5SB Pink Force Silver 5th,5th Grade Silver B
Fall 2015,10/24/2015,JCC,Court 1,10:00am,5SB Millard West White 5th,5SB PLV Monarchs 5th,5th Grade Silver B
Fall 2015,10/31/2015,JCC,Court 1,9:00am,5SB Marian Jr Crusaders Black 5th,5SB PLV Monarchs 5th,5th Grade Silver B
Fall 2015,11/14/2015,Elkhorn Ridge Middle School,Court 1,2:00pm,5SB Bennington Badgers Blue 5th,5SB PLV Monarchs 5th,5th Grade Silver B
Fall 2015,12/5/2015,Elkhorn Ridge Middle School,Court 1,3:00pm,5SB Blair Purple 5th,5SB PLV Monarchs 5th,5th Grade Silver B
Fall 2015,10/17/2015,Nebraska Elite,Court 1,7:00pm,5B Westside Red 6th,6B Abraham Lincoln Jr Lynx 6th,6th Grade Bronze
Fall 2015,10/31/2015,Nebraska Elite,Court 1,8:00pm,6B Harlan Cyclones Red 6th,6B Abraham Lincoln Jr Lynx 6th,6th Grade Bronze
Fall 2015,11/14/2015,Elkhorn Ridge Middle School,Court 1,9:00am,6B Elkhorn Elite Blue 6th,6B Abraham Lincoln Jr Lynx 6th,6th Grade Bronze
Fall 2015,12/5/2015,Elkhorn Ridge Middle School,Court 1,11:00am,6B Bellevue Ice White 6th,6B Abraham Lincoln Jr Lynx 6th,6th Grade Bronze
Fall 2015,10/17/2015,Elkhorn Ridge Middle School,Court 1,10:00am,6B Bennington Badgers White 6th,6B Bellevue Ice White 6th,6th Grade Bronze
Fall 2015,10/31/2015,Elkhorn Ridge Middle School,Court 1,11:00am,6B Millard West Green 6th,6B Bellevue Ice White 6th,6th Grade Bronze
Fall 2015,11/14/2015,Elkhorn Ridge Middle School,Court 1,11:00am,6B Lady Grizzlies Orange 5th,6B Bellevue Ice White 6th,6th Grade Bronze
Fall 2015,10/24/2015,Nebraska Elite,Court 1,7:00pm,6B Harlan Cyclones Black 6th,6B Bennington Badgers White 6th,6th Grade Bronze
Fall 2015,10/31/2015,Elkhorn Ridge Middle School,Court 1,8:00pm,6B Marian Jr. Crusaders Blue 6th,6B Bennington Badgers White 6th,6th Grade Bronze
Fall 2015,11/21/2015,Elkhorn Ridge Middle School,Court 1,10:00am,6B Millard West Green 6th,6B Bennington Badgers White 6th,6th Grade Bronze
Fall 2015,10/24/2015,Elkhorn Ridge Middle School,Court 1,1:00pm,6B Millard West Green 6th,6B Elkhorn Elite Blue 6th,6th Grade Bronze
Fall 2015,11/21/2015,Elkhorn Ridge Middle School,Court 1,9:00am,6B PLV Mondarchs White 5th/6th,6B Elkhorn Elite Blue 6th,6th Grade Bronze
Fall 2015,11/7/2015,Elkhorn Ridge Middle School,Court 1,10:00am,6B Lady Grizzlies Orange 5th,6B Elkhorn Elite Blue 6th,6th Grade Bronze
Fall 2015,10/17/2015,Elkhorn Ridge Middle School,Court 1,12:00pm,6B Harlan Cyclones Red 6th,6B Elkhorn Elite White 6th,6th Grade Bronze
Fall 2015,11/14/2015,Elkhorn Ridge Middle School,Court 1,10:00am,6B Bellevue Ice White 6th,6B Elkhorn Elite White 6th,6th Grade Bronze
Fall 2015,12/5/2015,Elkhorn Ridge Middle School,Court 1,9:00am,6B Bennington Badgers White 6th,6B Elkhorn Elite White 6th,6th Grade Bronze
Fall 2015,10/24/2015,Elkhorn Ridge Middle School,Court 1,10:00am,6B Marian Jr. Crusaders Blue 6th,6B Fremont Elite Yellow 6th,6th Grade Bronze
Fall 2015,10/31/2015,Elkhorn Ridge Middle School,Court 1,7:00pm,6B Elkhorn Elite Blue 6th,6B Fremont Elite Yellow 6th,6th Grade Bronze
Fall 2015,11/21/2015,Nebraska Elite,Court 1,7:00pm,6B Millard West White 6th,6B Fremont Elite Yellow 6th,6th Grade Bronze
Fall 2015,11/7/2015,Nebraska Elite,Court 1,7:00pm,6B Bennington Badgers White 6th,6B Fremont Elite Yellow 6th,6th Grade Bronze
Fall 2015,10/24/2015,Elkhorn Ridge Middle School,Court 1,11:00am,6B Abraham Lincoln Jr Lynx 6th,6B Gretna White 6th,6th Grade Bronze
Fall 2015,11/21/2015,Nebraska Elite,Court 1,8:00pm,6B Fremont Elite Yellow 6th,6B Gretna White 6th,6th Grade Bronze
Fall 2015,11/7/2015,Elkhorn Ridge Middle School,Court 1,11:00am,5B Westside Red 6th,6B Gretna White 6th,6th Grade Bronze
Fall 2015,12/5/2015,Elkhorn Ridge Middle School,Court 1,1:00pm,6B Millard West Black 5th,6B Gretna White 6th,6th Grade Bronze
Fall 2015,10/24/2015,Nebraska Elite,Court 1,8:00pm,6B Millard West White 6th,6B Harlan Cyclones Black 6th,6th Grade Bronze
Fall 2015,11/21/2015,Elkhorn Ridge Middle School,Court 1,12:00pm,6B Abraham Lincoln Jr Lynx 6th,6B Harlan Cyclones Black 6th,6th Grade Bronze
Fall 2015,11/7/2015,Elkhorn Ridge Middle School,Court 1,6:00pm,6B Elkhorn Elite White 6th,6B Harlan Cyclones Black 6th,6th Grade Bronze
Fall 2015,10/17/2015,Elkhorn Ridge Middle School,Court 1,11:00am,6B Lady Grizzlies Orange 5th,6B Harlan Cyclones Red 6th,6th Grade Bronze
Fall 2015,10/31/2015,Nebraska Elite,Court 1,7:00pm,6B PLV Mondarchs White 5th/6th,6B Harlan Cyclones Red 6th,6th Grade Bronze
Fall 2015,11/14/2015,Elkhorn Ridge Middle School,Court 1,12:00pm,6B Gretna White 6th,6B Harlan Cyclones Red 6th,6th Grade Bronze
Fall 2015,12/5/2015,Nebraska Elite,Court 1,6:00pm,6B Fremont Elite Yellow 6th,6B Harlan Cyclones Red 6th,6th Grade Bronze
Fall 2015,10/24/2015,Elkhorn Ridge Middle School,Court 1,9:00am,6B Gretna White 6th,6B Lady Grizzlies Orange 5th,6th Grade Bronze
Fall 2015,10/31/2015,Nebraska Elite,Court 1,6:00pm,6B Millard West Black 5th,6B Lady Grizzlies Orange 5th,6th Grade Bronze
Fall 2015,11/21/2015,Elkhorn Ridge Middle School,Court 1,11:00am,6B Harlan Cyclones Black 6th,6B Lady Grizzlies Orange 5th,6th Grade Bronze
Fall 2015,12/5/2015,Nebraska Elite,Court 1,8:00pm,6B Marian Jr. Crusaders Blue 6th,6B Lady Grizzlies Orange 5th,6th Grade Bronze
Fall 2015,10/17/2015,Elkhorn Ridge Middle School,Court 1,9:00am,6B Bellevue Ice White 6th,6B Marian Jr. Crusaders Blue 6th,6th Grade Bronze
Fall 2015,11/21/2015,Elkhorn Ridge Middle School,Court 1,1:00pm,6B Elkhorn Elite White 6th,6B Marian Jr. Crusaders Blue 6th,6th Grade Bronze
Fall 2015,11/7/2015,Nebraska Elite,Court 1,8:00pm,6B Millard West White 6th,6B Marian Jr. Crusaders Blue 6th,6th Grade Bronze
Fall 2015,10/24/2015,Nebraska Elite,Court 1,6:00pm,6B Elkhorn Elite White 6th,6B Millard West Black 5th,6th Grade Bronze
Fall 2015,11/21/2015,Nebraska Elite,Court 1,6:00pm,5B Westside Red 6th,6B Millard West Black 5th,6th Grade Bronze
Fall 2015,11/7/2015,Nebraska Elite,Court 1,6:00pm,6B Abraham Lincoln Jr Lynx 6th,6B Millard West Black 5th,6th Grade Bronze
Fall 2015,10/17/2015,Nebraska Elite,Court 1,6:00pm,6B Millard West Black 5th,6B Millard West Green 6th,6th Grade Bronze
Fall 2015,11/14/2015,Nebraska Elite,Court 1,7:00pm,6B Marian Jr. Crusaders Blue 6th,6B Millard West Green 6th,6th Grade Bronze
Fall 2015,11/7/2015,Elkhorn Ridge Middle School,Court 1,5:00pm,6B Harlan Cyclones Black 6th,6B Millard West Green 6th,6th Grade Bronze
Fall 2015,12/5/2015,Elkhorn Ridge Middle School,Court 1,10:00am,6B Millard West White 6th,6B Millard West Green 6th,6th Grade Bronze
Fall 2015,10/17/2015,Elkhorn Ridge Middle School,Court 1,1:00pm,6B Elkhorn Elite Blue 6th,6B Millard West White 6th,6th Grade Bronze
Fall 2015,10/31/2015,Elkhorn Ridge Middle School,Court 1,10:00am,6B Bellevue Ice White 6th,6B Millard West White 6th,6th Grade Bronze
Fall 2015,11/14/2015,Nebraska Elite,Court 1,8:00pm,6B Bennington Badgers White 6th,6B Millard West White 6th,6th Grade Bronze
Fall 2015,10/17/2015,Nebraska Elite,Court 1,8:00pm,6B Fremont Elite Yellow 6th,6B PLV Mondarchs White 5th/6th,6th Grade Bronze
Fall 2015,11/14/2015,Nebraska Elite,Court 1,6:00pm,6B Millard West Black 5th,6B PLV Mondarchs White 5th/6th,6th Grade Bronze
Fall 2015,11/7/2015,Elkhorn Ridge Middle School,Court 1,9:00am,6B Gretna White 6th,6B PLV Mondarchs White 5th/6th,6th Grade Bronze
Fall 2015,12/5/2015,Nebraska Elite,Court 1,7:00pm,6B Harlan Cyclones Black 6th,6B PLV Mondarchs White 5th/6th,6th Grade Bronze
Fall 2015,11/21/2015,Elkhorn Ridge Middle School,Court 1,8:00pm,6G PLV South Titans Black 6th,6G Council Bluffs Titans 6th,6th Grade Gold
Fall 2015,11/7/2015,Elkhorn Ridge Middle School,Court 1,8:00pm,6G Lincoln Huskies 6th,6G Council Bluffs Titans 6th,6th Grade Gold
Fall 2015,12/5/2015,Elkhorn Ridge Middle School,Court 1,6:00pm,6G Lady Grizzlies Orange 6th,6G Council Bluffs Titans 6th,6th Grade Gold
Fall 2015,10/17/2015,Elkhorn Ridge Middle School,Court 1,6:00pm,6G PLV South Titans Black 6th,6G Elkhorn Elite Gold 6th,6th Grade Gold
Fall 2015,10/17/2015,Elkhorn Ridge Middle School,Court 1,7:00pm,6G Lincoln Huskies 6th,6G Elkhorn Elite Gold 6th,6th Grade Gold
Fall 2015,10/31/2015,Elkhorn Ridge Middle School,Court 1,1:00pm,6G Council Bluffs Titans 6th,6G Elkhorn Elite Gold 6th,6th Grade Gold
Fall 2015,10/17/2015,Elkhorn Ridge Middle School,Court 1,5:00pm,6G Council Bluffs Titans 6th,6G Gretna Meadows 6th,6th Grade Gold
Fall 2015,10/24/2015,Elkhorn Ridge Middle School,Court 1,6:00pm,6G Lady Grizzlies Orange 6th,6G Gretna Meadows 6th,6th Grade Gold
Fall 2015,10/24/2015,Elkhorn Ridge Middle School,Court 1,8:00pm,6G Lincoln Huskies 6th,6G Gretna Meadows 6th,6th Grade Gold
Fall 2015,11/14/2015,Elkhorn Ridge Middle School,Court 1,7:00pm,6G Elkhorn Elite Gold 6th,6G Gretna Meadows 6th,6th Grade Gold
Fall 2015,10/17/2015,Elkhorn Ridge Middle School,Court 1,8:00pm,6G OSA Gold 6th,6G Lady Grizzlies Orange 6th,6th Grade Gold
Fall 2015,11/14/2015,Elkhorn Ridge Middle School,Court 1,8:00pm,6G Elkhorn Elite Gold 6th,6G Lady Grizzlies Orange 6th,6th Grade Gold
Fall 2015,11/21/2015,Elkhorn Ridge Middle School,Court 1,6:00pm,6G Lincoln Shockerz Elite 6th,6G Lady Grizzlies Orange 6th,6th Grade Gold
Fall 2015,10/31/2015,Elkhorn Ridge Middle School,Court 1,6:00pm,6G OSA Gold 6th,6G Lincoln Huskies 6th,6th Grade Gold
Fall 2015,11/21/2015,Elkhorn Ridge Middle School,Court 1,7:00pm,6G Lincoln Shockerz Elite 6th,6G Lincoln Huskies 6th,6th Grade Gold
Fall 2015,11/7/2015,Elkhorn Ridge Middle School,Court 1,7:00pm,6G Lady Grizzlies Orange 6th,6G Lincoln Huskies 6th,6th Grade Gold
Fall 2015,10/31/2015,Elkhorn Ridge Middle School,Court 1,12:00pm,6G Elkhorn Elite Gold 6th,6G Lincoln Shockerz Elite 6th,6th Grade Gold
Fall 2015,11/14/2015,Elkhorn Ridge Middle School,Court 1,5:00pm,6G Council Bluffs Titans 6th,6G Lincoln Shockerz Elite 6th,6th Grade Gold
Fall 2015,11/14/2015,Elkhorn Ridge Middle School,Court 1,6:00pm,6G PLV South Titans Black 6th,6G Lincoln Shockerz Elite 6th,6th Grade Gold
Fall 2015,11/7/2015,Elkhorn Ridge Middle School,Court 1,1:00pm,6G Gretna Meadows 6th,6G Lincoln Shockerz Elite 6th,6th Grade Gold
Fall 2015,11/21/2015,Elkhorn Ridge Middle School,Court 1,5:00pm,6G Gretna Meadows 6th,6G OSA Gold 6th,6th Grade Gold
Fall 2015,11/7/2015,Elkhorn Ridge Middle School,Court 1,12:00pm,6G Lincoln Shockerz Elite 6th,6G OSA Gold 6th,6th Grade Gold
Fall 2015,12/5/2015,Elkhorn Ridge Middle School,Court 1,7:00pm,6G Council Bluffs Titans 6th,6G OSA Gold 6th,6th Grade Gold
Fall 2015,12/5/2015,Elkhorn Ridge Middle School,Court 1,8:00pm,6G Elkhorn Elite Gold 6th,6G OSA Gold 6th,6th Grade Gold
Fall 2015,10/24/2015,Elkhorn Ridge Middle School,Court 1,5:00pm,6G Lady Grizzlies Orange 6th,6G PLV South Titans Black 6th,6th Grade Gold
Fall 2015,10/24/2015,Elkhorn Ridge Middle School,Court 1,7:00pm,6G Lincoln Huskies 6th,6G PLV South Titans Black 6th,6th Grade Gold
Fall 2015,10/31/2015,Elkhorn Ridge Middle School,Court 1,5:00pm,6G OSA Gold 6th,6G PLV South Titans Black 6th,6th Grade Gold
Fall 2015,12/5/2015,Elkhorn Ridge Middle School,Court 1,5:00pm,6G Gretna Meadows 6th,6G PLV South Titans Black 6th,6th Grade Gold
Fall 2015,10/17/2015,JCC,Court 1,12:00pm,6SA Gretna Moxie 6th,6SA Bellevue Ice Purple 6th,6th Grade Silver A
Fall 2015,11/14/2015,JCC,Court 1,1:00pm,6SA Lincoln Ambassadors Gold 6th,6SA Bellevue Ice Purple 6th,6th Grade Silver A
Fall 2015,11/7/2015,Elkhorn Ridge Middle School,Court 2,1:00pm,6SA Bennington Badgers Boyes 6th,6SA Bellevue Ice Purple 6th,6th Grade Silver A
Fall 2015,12/5/2015,Elkhorn Ridge Middle School,Court 2,1:00pm,6SA Elkhorn Elite Red 6th,6SA Bellevue Ice Purple 6th,6th Grade Silver A
Fall 2015,10/17/2015,Elkhorn Ridge Middle School,Court 2,1:00pm,6SA Bennington Badgers Boyes 6th,6SA Bellevue Thunder 6th,6th Grade Silver A
Fall 2015,10/17/2015,Elkhorn Ridge Middle School,Court 2,2:00pm,6SA Elkhorn Elite Red 6th,6SA Bellevue Thunder 6th,6th Grade Silver A
Fall 2015,11/21/2015,Elkhorn Ridge Middle School,Court 2,2:00pm,6SA Blair 6th,6SA Bellevue Thunder 6th,6th Grade Silver A
Fall 2015,10/24/2015,JCC,Court 1,11:00am,6SA Blair 6th,6SA Bennington Badgers Boyes 6th,6th Grade Silver A
Fall 2015,11/21/2015,JCC,Court 1,12:00pm,6SA Lincoln Ambassadors Gold 6th,6SA Bennington Badgers Boyes 6th,6th Grade Silver A
Fall 2015,11/7/2015,Elkhorn Ridge Middle School,Court 2,2:00pm,6SA OSA Black 6th,6SA Bennington Badgers Boyes 6th,6th Grade Silver A
Fall 2015,12/5/2015,JCC,Court 1,12:00pm,6SA Millard North Silver 6th,6SA Bennington Badgers Boyes 6th,6th Grade Silver A
Fall 2015,10/17/2015,JCC,Court 1,1:00pm,6SA Bellevue Ice Purple 6th,6SA Blair 6th,6th Grade Silver A
Fall 2015,10/31/2015,Elkhorn Ridge Middle School,Court 2,2:00pm,6SA Millard North Silver 6th,6SA Blair 6th,6th Grade Silver A
Fall 2015,11/14/2015,JCC,Court 1,12:00pm,6SA Millard South 6th,6SA Blair 6th,6th Grade Silver A
Fall 2015,10/24/2015,Elkhorn Ridge Middle School,Court 2,1:00pm,6SA OSA Black 6th,6SA Elkhorn Elite Red 6th,6th Grade Silver A
Fall 2015,10/24/2015,Elkhorn Ridge Middle School,Court 2,2:00pm,6SA Millard South 6th,6SA Elkhorn Elite Red 6th,6th Grade Silver A
Fall 2015,11/21/2015,Elkhorn Ridge Middle School,Court 2,1:00pm,6SA Blair 6th,6SA Elkhorn Elite Red 6th,6th Grade Silver A
Fall 2015,10/17/2015,JCC,Court 1,11:00am,6SA Bennington Badgers Boyes 6th,6SA Gretna Moxie 6th,6th Grade Silver A
Fall 2015,10/31/2015,JCC,Court 1,12:00pm,6SA Bellevue Thunder 6th,6SA Gretna Moxie 6th,6th Grade Silver A
Fall 2015,11/14/2015,Elkhorn Ridge Middle School,Court 2,1:00pm,6SA Elkhorn Elite Red 6th,6SA Gretna Moxie 6th,6th Grade Silver A
Fall 2015,12/5/2015,Elkhorn Ridge Middle School,Court 2,2:00pm,6SA OSA Black 6th,6SA Gretna Moxie 6th,6th Grade Silver A
Fall 2015,10/31/2015,Elkhorn Ridge Middle School,Court 2,1:00pm,6SA Elkhorn Elite Red 6th,6SA Lincoln Ambassadors Gold 6th,6th Grade Silver A
Fall 2015,10/31/2015,JCC,Court 1,11:00am,6SA Millard South 6th,6SA Lincoln Ambassadors Gold 6th,6th Grade Silver A
Fall 2015,11/14/2015,Elkhorn Ridge Middle School,Court 2,2:00pm,6SA Bellevue Thunder 6th,6SA Lincoln Ambassadors Gold 6th,6th Grade Silver A
Fall 2015,12/5/2015,JCC,Court 1,11:00am,6SA Blair 6th,6SA Lincoln Ambassadors Gold 6th,6th Grade Silver A
Fall 2015,10/24/2015,JCC,Court 1,1:00pm,6SA Bellevue Thunder 6th,6SA Millard North Silver 6th,6th Grade Silver A
Fall 2015,11/21/2015,JCC,Court 1,11:00am,6SA Bellevue Ice Purple 6th,6SA Millard North Silver 6th,6th Grade Silver A
Fall 2015,11/7/2015,JCC,Court 1,1:00pm,6SA Gretna Moxie 6th,6SA Millard North Silver 6th,6th Grade Silver A
Fall 2015,10/24/2015,JCC,Court 1,12:00pm,6SA Millard North Silver 6th,6SA Millard South 6th,6th Grade Silver A
Fall 2015,11/7/2015,JCC,Court 1,11:00am,6SA Bellevue Thunder 6th,6SA Millard South 6th,6th Grade Silver A
Fall 2015,11/7/2015,JCC,Court 1,12:00pm,6SA Gretna Moxie 6th,6SA Millard South 6th,6th Grade Silver A
Fall 2015,10/31/2015,JCC,Court 1,1:00pm,6SA Bellevue Ice Purple 6th,6SA OSA Black 6th,6th Grade Silver A
Fall 2015,11/14/2015,JCC,Court 1,11:00am,6SA Millard South 6th,6SA OSA Black 6th,6th Grade Silver A
Fall 2015,11/21/2015,JCC,Court 1,1:00pm,6SA Lincoln Ambassadors Gold 6th,6SA OSA Black 6th,6th Grade Silver A
Fall 2015,12/5/2015,JCC,Court 1,1:00pm,6SA Millard North Silver 6th,6SA OSA Black 6th,6th Grade Silver A
Fall 2015,10/17/2015,Nebraska Elite,Court 1,5:00pm,6SB Fremont Elite Black 6th,6SB CB Pink Panthers 6th,6th Grade Silver B
Fall 2015,10/24/2015,Nebraska Elite,Court 1,4:00pm,6SB Louisville Lions 6th,6SB CB Pink Panthers 6th,6th Grade Silver B
Fall 2015,11/7/2015,Nebraska Elite,Court 1,4:00pm,6SB PLV South Titans Blue 6th,6SB CB Pink Panthers 6th,6th Grade Silver B
Fall 2015,12/5/2015,Nebraska Elite,Court 1,3:00pm,6SB Millard West Black 5th,6SB CB Pink Panthers 6th,6th Grade Silver B
Fall 2015,10/24/2015,Elkhorn Ridge Middle School,Court 2,9:00am,6SB Marian Jr. Crusaders White 6th,6SB DC West Falcon Swish 6th,6th Grade Silver B
Fall 2015,11/21/2015,Nebraska Elite,Court 1,5:00pm,6SB Louisville Lions 6th,6SB DC West Falcon Swish 6th,6th Grade Silver B
Fall 2015,11/7/2015,Nebraska Elite,Court 1,3:00pm,6SB Glenwood 6th,6SB DC West Falcon Swish 6th,6th Grade Silver B
Fall 2015,10/31/2015,Nebraska Elite,Court 1,4:00pm,6SB Millard West Black 6th,6SB Fremont Elite Black 6th,6th Grade Silver B
Fall 2015,11/21/2015,Elkhorn Ridge Middle School,Court 2,9:00am,6SB PLV South Titans Blue 6th,6SB Fremont Elite Black 6th,6th Grade Silver B
Fall 2015,11/7/2015,Nebraska Elite,Court 1,5:00pm,6SB OSA Silver 6th,6SB Fremont Elite Black 6th,6th Grade Silver B
Fall 2015,12/5/2015,Nebraska Elite,Court 1,5:00pm,6SB Westside Black 6th,6SB Fremont Elite Black 6th,6th Grade Silver B
Fall 2015,10/31/2015,Nebraska Elite,Court 1,3:00pm,6SB Millard West Black 5th,6SB Glenwood 6th,6th Grade Silver B
Fall 2015,11/14/2015,Nebraska Elite,Court 1,5:00pm,6SB Fremont Elite Black 6th,6SB Glenwood 6th,6th Grade Silver B
Fall 2015,11/14/2015,Elkhorn Ridge Middle School,Court 2,7:00pm,6SB Marian Jr. Crusaders White 6th,6SB Glenwood 6th,6th Grade Silver B
Fall 2015,10/17/2015,Nebraska Elite,Court 1,3:00pm,6SB OSA Silver 6th,6SB Louisville Lions 6th,6th Grade Silver B
Fall 2015,10/31/2015,Nebraska Elite,Court 1,5:00pm,6SB Fremont Elite Black 6th,6SB Louisville Lions 6th,6th Grade Silver B
Fall 2015,11/14/2015,Elkhorn Ridge Middle School,Court 2,8:00pm,6SB Millard West Black 5th,6SB Louisville Lions 6th,6th Grade Silver B
Fall 2015,12/5/2015,Elkhorn Ridge Middle School,Court 2,9:00am,6SB Marian Jr. Crusaders White 6th,6SB Louisville Lions 6th,6th Grade Silver B
Fall 2015,10/17/2015,Nebraska Elite,Court 1,4:00pm,6SB Millard West Black 5th,6SB Marian Jr. Crusaders White 6th,6th Grade Silver B
Fall 2015,11/21/2015,Elkhorn Ridge Middle School,Court 2,7:00pm,6SB Millard West Black 6th,6SB Marian Jr. Crusaders White 6th,6th Grade Silver B
Fall 2015,11/7/2015,Elkhorn Ridge Middle School,Court 2,9:00am,6SB PLV Monarchs Maroon 5th/6th,6SB Marian Jr. Crusaders White 6th,6th Grade Silver B
Fall 2015,10/24/2015,Elkhorn Ridge Middle School,Court 2,8:00pm,6SB PLV Monarchs Maroon 5th/6th,6SB Millard West Black 5th,6th Grade Silver B
Fall 2015,11/21/2015,Elkhorn Ridge Middle School,Court 2,8:00pm,6SB OSA Silver 6th,6SB Millard West Black 5th,6th Grade Silver B
Fall 2015,11/7/2015,Elkhorn Ridge Middle School,Court 2,8:00pm,6SB Millard West Black 6th,6SB Millard West Black 5th,6th Grade Silver B
Fall 2015,10/17/2015,Elkhorn Ridge Middle School,Court 2,7:00pm,6SB CB Pink Panthers 6th,6SB Millard West Black 6th,6th Grade Silver B
Fall 2015,10/24/2015,Nebraska Elite,Court 1,5:00pm,6SB Westside Black 6th,6SB Millard West Black 6th,6th Grade Silver B
Fall 2015,11/14/2015,Nebraska Elite,Court 1,4:00pm,6SB DC West Falcon Swish 6th,6SB Millard West Black 6th,6th Grade Silver B
Fall 2015,12/5/2015,Elkhorn Ridge Middle School,Court 2,8:00pm,6SB PLV Monarchs Maroon 5th/6th,6SB Millard West Black 6th,6th Grade Silver B
Fall 2015,10/24/2015,Nebraska Elite,Court 1,3:00pm,6SB PLV South Titans Blue 6th,6SB OSA Silver 6th,6th Grade Silver B
Fall 2015,10/31/2015,Elkhorn Ridge Middle School,Court 2,8:00pm,6SB CB Pink Panthers 6th,6SB OSA Silver 6th,6th Grade Silver B
Fall 2015,11/14/2015,Nebraska Elite,Court 1,3:00pm,6SB Westside Black 6th,6SB OSA Silver 6th,6th Grade Silver B
Fall 2015,12/5/2015,Nebraska Elite,Court 1,4:00pm,6SB DC West Falcon Swish 6th,6SB OSA Silver 6th,6th Grade Silver B
Fall 2015,10/24/2015,Elkhorn Ridge Middle School,Court 2,7:00pm,6SB Westside Black 6th,6SB PLV Monarchs Maroon 5th/6th,6th Grade Silver B
Fall 2015,10/31/2015,Elkhorn Ridge Middle School,Court 2,7:00pm,6SB DC West Falcon Swish 6th,6SB PLV Monarchs Maroon 5th/6th,6th Grade Silver B
Fall 2015,11/21/2015,Nebraska Elite,Court 1,3:00pm,6SB Glenwood 6th,6SB PLV Monarchs Maroon 5th/6th,6th Grade Silver B
Fall 2015,10/17/2015,Elkhorn Ridge Middle School,Court 2,8:00pm,6SB DC West Falcon Swish 6th,6SB PLV South Titans Blue 6th,6th Grade Silver B
Fall 2015,10/31/2015,Elkhorn Ridge Middle School,Court 2,9:00am,6SB Marian Jr. Crusaders White 6th,6SB PLV South Titans Blue 6th,6th Grade Silver B
Fall 2015,11/14/2015,Elkhorn Ridge Middle School,Court 2,9:00am,6SB PLV Monarchs Maroon 5th/6th,6SB PLV South Titans Blue 6th,6th Grade Silver B
Fall 2015,12/5/2015,Elkhorn Ridge Middle School,Court 2,7:00pm,6SB Glenwood 6th,6SB PLV South Titans Blue 6th,6th Grade Silver B
Fall 2015,10/17/2015,Elkhorn Ridge Middle School,Court 2,3:00pm,6SB Glenwood 6th,6SB Westside Black 6th,6th Grade Silver B
Fall 2015,11/21/2015,Nebraska Elite,Court 1,4:00pm,6SB CB Pink Panthers 6th,6SB Westside Black 6th,6th Grade Silver B
Fall 2015,11/7/2015,Elkhorn Ridge Middle School,Court 2,7:00pm,6SB Louisville Lions 6th,6SB Westside Black 6th,6th Grade Silver B
Fall 2015,10/18/2015,Elkhorn Ridge Middle School,Court 1,9:00am,7B Bennington Bagers Blue 7th,7B Bellevue Thunder 7th,7th Grade Bronze
Fall 2015,11/1/2015,Elkhorn Ridge Middle School,Court 1,3:00pm,7B Marian Jr Cursaders White 7th,7B Bellevue Thunder 7th,7th Grade Bronze
Fall 2015,11/15/2015,Elkhorn Ridge Middle School,Court 1,1:00pm,7B Skutt 7th,7B Bellevue Thunder 7th,7th Grade Bronze
Fall 2015,12/6/2015,Elkhorn Ridge Middle School,Court 1,12:00pm,7B OSA Black 7th,7B Bellevue Thunder 7th,7th Grade Bronze
Fall 2015,10/25/2015,Elkhorn Ridge Middle School,Court 1,1:00pm,7B Gretna Grey,7B Bennington Bagers Blue 7th,7th Grade Bronze
Fall 2015,11/22/2015,Elkhorn Ridge Middle School,Court 1,12:00pm,7B Blair White 7th,7B Bennington Bagers Blue 7th,7th Grade Bronze
Fall 2015,11/8/2015,Elkhorn Ridge Middle School,Court 1,11:00am,7B Millard West White 7th,7B Bennington Bagers Blue 7th,7th Grade Bronze
Fall 2015,10/18/2015,Elkhorn Ridge Middle School,Court 1,2:00pm,7B Skutt 7th,7B Blair White 7th,7th Grade Bronze
Fall 2015,11/1/2015,Elkhorn Ridge Middle School,Court 1,10:00am,7B OSA Black 7th,7B Blair White 7th,7th Grade Bronze
Fall 2015,11/15/2015,Elkhorn Ridge Middle School,Court 1,12:00pm,7B Millard West White 7th,7B Blair White 7th,7th Grade Bronze
Fall 2015,10/18/2015,Elkhorn Ridge Middle School,Court 1,12:00pm,7B Marian Jr Cursaders White 7th,7B Elkhorn Elite White 7th,7th Grade Bronze
Fall 2015,11/1/2015,Elkhorn Ridge Middle School,Court 1,11:00am,7B Skutt 7th,7B Elkhorn Elite White 7th,7th Grade Bronze
Fall 2015,11/15/2015,Elkhorn Ridge Middle School,Court 1,9:00am,7B OSA Black 7th,7B Elkhorn Elite White 7th,7th Grade Bronze
Fall 2015,12/6/2015,Elkhorn Ridge Middle School,Court 1,1:00pm,7B Millard West White 7th,7B Elkhorn Elite White 7th,7th Grade Bronze
Fall 2015,10/18/2015,Elkhorn Ridge Middle School,Court 1,3:00pm,7B OSA Black 7th,7B Gretna Grey,7th Grade Bronze
Fall 2015,11/22/2015,Elkhorn Ridge Middle School,Court 1,1:00pm,7B Elkhorn Elite White 7th,7B Gretna Grey,7th Grade Bronze
Fall 2015,11/8/2015,Elkhorn Ridge Middle School,Court 1,10:00am,7B Blair White 7th,7B Gretna Grey,7th Grade Bronze
Fall 2015,10/25/2015,Elkhorn Ridge Middle School,Court 1,2:00pm,7B North Bend 7th,7B Marian Jr Cursaders White 7th,7th Grade Bronze
Fall 2015,11/15/2015,Elkhorn Ridge Middle School,Court 1,2:00pm,7B Bennington Bagers Blue 7th,7B Marian Jr Cursaders White 7th,7th Grade Bronze
Fall 2015,11/8/2015,Elkhorn Ridge Middle School,Court 1,9:00am,7B Westside Red 7th,7B Marian Jr Cursaders White 7th,7th Grade Bronze
Fall 2015,12/6/2015,Elkhorn Ridge Middle School,Court 1,11:00am,7B Skutt 7th,7B Marian Jr Cursaders White 7th,7th Grade Bronze
Fall 2015,10/18/2015,Elkhorn Ridge Middle School,Court 1,10:00am,7B Platteview Jr Trojans 7th,7B Millard North Blue 7th,7th Grade Bronze
Fall 2015,11/1/2015,Elkhorn Ridge Middle School,Court 1,12:00pm,7B Westside White 7th,7B Millard North Blue 7th,7th Grade Bronze
Fall 2015,11/15/2015,Elkhorn Ridge Middle School,Court 1,11:00am,7B Gretna Grey,7B Millard North Blue 7th,7th Grade Bronze
Fall 2015,12/6/2015,Elkhorn Ridge Middle School,Court 1,9:00am,7B Blair White 7th,7B Millard North Blue 7th,7th Grade Bronze
Fall 2015,10/18/2015,Elkhorn Ridge Middle School,Court 1,1:00pm,7B Westside White 7th,7B Millard West White 7th,7th Grade Bronze
Fall 2015,11/1/2015,Elkhorn Ridge Middle School,Court 1,9:00am,7B Gretna Grey,7B Millard West White 7th,7th Grade Bronze
Fall 2015,11/22/2015,Elkhorn Ridge Middle School,Court 1,2:00pm,7B Millard North Blue 7th,7B Millard West White 7th,7th Grade Bronze
Fall 2015,10/18/2015,Elkhorn Ridge Middle School,Court 1,11:00am,7B Westside Red 7th,7B North Bend 7th,7th Grade Bronze
Fall 2015,11/1/2015,Elkhorn Ridge Middle School,Court 1,1:00pm,7B Platteview Jr Trojans 7th,7B North Bend 7th,7th Grade Bronze
Fall 2015,11/15/2015,Elkhorn Ridge Middle School,Court 1,10:00am,7B Westside White 7th,7B North Bend 7th,7th Grade Bronze
Fall 2015,12/6/2015,Elkhorn Ridge Middle School,Court 1,2:00pm,7B Gretna Grey,7B North Bend 7th,7th Grade Bronze
Fall 2015,10/25/2015,Elkhorn Ridge Middle School,Court 1,10:00am,7B Millard West White 7th,7B OSA Black 7th,7th Grade Bronze
Fall 2015,11/22/2015,Elkhorn Ridge Middle School,Court 1,3:00pm,7B North Bend 7th,7B OSA Black 7th,7th Grade Bronze
Fall 2015,11/8/2015,Elkhorn Ridge Middle School,Court 1,3:00pm,7B Millard North Blue 7th,7B OSA Black 7th,7th Grade Bronze
Fall 2015,10/25/2015,Elkhorn Ridge Middle School,Court 1,11:00am,7B Elkhorn Elite White 7th,7B Platteview Jr Trojans 7th,7th Grade Bronze
Fall 2015,11/22/2015,Elkhorn Ridge Middle School,Court 1,9:00am,7B Marian Jr Cursaders White 7th,7B Platteview Jr Trojans 7th,7th Grade Bronze
Fall 2015,11/8/2015,Elkhorn Ridge Middle School,Court 1,2:00pm,7B Bellevue Thunder 7th,7B Platteview Jr Trojans 7th,7th Grade Bronze
Fall 2015,12/6/2015,Elkhorn Ridge Middle School,Court 1,10:00am,7B Bennington Bagers Blue 7th,7B Platteview Jr Trojans 7th,7th Grade Bronze
Fall 2015,10/25/2015,Elkhorn Ridge Middle School,Court 1,9:00am,7B Millard North Blue 7th,7B Skutt 7th,7th Grade Bronze
Fall 2015,11/22/2015,Elkhorn Ridge Middle School,Court 1,10:00am,7B Westside Red 7th,7B Skutt 7th,7th Grade Bronze
Fall 2015,11/8/2015,Elkhorn Ridge Middle School,Court 1,12:00pm,7B North Bend 7th,7B Skutt 7th,7th Grade Bronze
Fall 2015,10/25/2015,Elkhorn Ridge Middle School,Court 1,12:00pm,7B Bellevue Thunder 7th,7B Westside Red 7th,7th Grade Bronze
Fall 2015,11/1/2015,Elkhorn Ridge Middle School,Court 1,2:00pm,7B Bennington Bagers Blue 7th,7B Westside Red 7th,7th Grade Bronze
Fall 2015,11/15/2015,Elkhorn Ridge Middle School,Court 1,3:00pm,7B Platteview Jr Trojans 7th,7B Westside Red 7th,7th Grade Bronze
Fall 2015,12/6/2015,Elkhorn Ridge Middle School,Court 1,3:00pm,7B Westside White 7th,7B Westside Red 7th,7th Grade Bronze
Fall 2015,10/25/2015,Elkhorn Ridge Middle School,Court 1,3:00pm,7B Blair White 7th,7B Westside White 7th,7th Grade Bronze
Fall 2015,11/22/2015,Elkhorn Ridge Middle School,Court 1,11:00am,7B Bellevue Thunder 7th,7B Westside White 7th,7th Grade Bronze
Fall 2015,11/8/2015,Elkhorn Ridge Middle School,Court 1,1:00pm,7B Elkhorn Elite White 7th,7B Westside White 7th,7th Grade Bronze
Fall 2015,10/18/2015,Nebraska Elite,Court 1,7:00pm,7G OSA Platinum 7th,7G Council Bluffs Titans 7th,7th Grade Gold
Fall 2015,11/1/2015,Nebraska Elite,Court 1,7:00pm,7G Nebraska Lasers Black 7th,7G Council Bluffs Titans 7th,7th Grade Gold
Fall 2015,11/22/2015,Nebraska Elite,Court 1,8:00pm,7G Lady Grizzlies Black 7th,7G Council Bluffs Titans 7th,7th Grade Gold
Fall 2015,11/8/2015,Elkhorn Ridge Middle School,Court 1,5:00pm,7G Elkhorn Elite Gold 7th,7G Council Bluffs Titans 7th,7th Grade Gold
Fall 2015,10/18/2015,Elkhorn Ridge Middle School,Court 1,4:00pm,7G Millard West Black 7th,7G Elkhorn Elite Gold 7th,7th Grade Gold
Fall 2015,11/15/2015,Elkhorn Ridge Middle School,Court 1,4:00pm,7G Harlan Cyclones 7th,7G Elkhorn Elite Gold 7th,7th Grade Gold
Fall 2015,11/22/2015,Elkhorn Ridge Middle School,Court 1,5:00pm,7G Nebraska Lasers Black 7th,7G Elkhorn Elite Gold 7th,7th Grade Gold
Fall 2015,10/25/2015,Elkhorn Ridge Middle School,Court 1,5:00pm,7G PLV Monarchs Maroon 7th,7G Harlan Cyclones 7th,7th Grade Gold
Fall 2015,11/21/2015,Nebraska Elite,Court 2,8:00pm,7G Millard North Silver 7th,7G Harlan Cyclones 7th,7th Grade Gold
Fall 2015,12/6/2015,Elkhorn Ridge Middle School,Court 1,4:00pm,7G Council Bluffs Titans 7th,7G Harlan Cyclones 7th,7th Grade Gold
Fall 2015,12/6/2015,Elkhorn Ridge Middle School,Court 1,5:00pm,7G OSA Platinum 7th,7G Harlan Cyclones 7th,7th Grade Gold
Fall 2015,10/18/2015,Elkhorn Ridge Middle School,Court 1,5:00pm,7G Elkhorn Elite Gold 7th,7G Lady Grizzlies Black 7th,7th Grade Gold
Fall 2015,11/1/2015,Elkhorn Ridge Middle School,Court 1,4:00pm,7G OSA Platinum 7th,7G Lady Grizzlies Black 7th,7th Grade Gold
Fall 2015,11/7/2015,Nebraska Elite,Court 2,8:00pm,7G Millard North Silver 7th,7G Lady Grizzlies Black 7th,7th Grade Gold
Fall 2015,10/25/2015,Elkhorn Ridge Middle School,Court 1,4:00pm,7G Harlan Cyclones 7th,7G Legends 7th,7th Grade Gold
Fall 2015,11/22/2015,Elkhorn Ridge Middle School,Court 1,4:00pm,7G Nebraska Lasers Black 7th,7G Legends 7th,7th Grade Gold
Fall 2015,11/8/2015,Elkhorn Ridge Middle School,Court 1,4:00pm,7G Council Bluffs Titans 7th,7G Legends 7th,7th Grade Gold
Fall 2015,12/6/2015,Nebraska Elite,Court 1,8:00pm,7G Millard West Black 7th,7G Legends 7th,7th Grade Gold
Fall 2015,10/17/2015,Nebraska Elite,Court 2,8:00pm,7G Legends 7th,7G Millard North Silver 7th,7th Grade Gold
Fall 2015,10/24/2015,Nebraska Elite,Court 2,8:00pm,7G Elkhorn Elite Gold 7th,7G Millard North Silver 7th,7th Grade Gold
Fall 2015,11/14/2015,Nebraska Elite,Court 2,8:00pm,7G Council Bluffs Titans 7th,7G Millard North Silver 7th,7th Grade Gold
Fall 2015,12/5/2015,Nebraska Elite,Court 2,8:00pm,7G Millard West Black 7th,7G Millard North Silver 7th,7th Grade Gold
Fall 2015,10/25/2015,Nebraska Elite,Court 1,7:00pm,7G Lady Grizzlies Black 7th,7G Millard West Black 7th,7th Grade Gold
Fall 2015,11/15/2015,Elkhorn Ridge Middle School,Court 1,5:00pm,7G Harlan Cyclones 7th,7G Millard West Black 7th,7th Grade Gold
Fall 2015,11/15/2015,Nebraska Elite,Court 1,7:00pm,7G PLV Monarchs Maroon 7th,7G Millard West Black 7th,7th Grade Gold
Fall 2015,11/1/2015,Nebraska Elite,Court 1,8:00pm,7G Millard West Black 7th,7G Nebraska Lasers Black 7th,7th Grade Gold
Fall 2015,11/8/2015,Nebraska Elite,Court 1,7:00pm,7G Lady Grizzlies Black 7th,7G Nebraska Lasers Black 7th,7th Grade Gold
Fall 2015,11/8/2015,Nebraska Elite,Court 1,8:00pm,7G PLV Monarchs Maroon 7th,7G Nebraska Lasers Black 7th,7th Grade Gold
Fall 2015,10/18/2015,Nebraska Elite,Court 1,8:00pm,7G Legends 7th,7G OSA Platinum 7th,7th Grade Gold
Fall 2015,10/25/2015,Nebraska Elite,Court 1,8:00pm,7G Nebraska Lasers Black 7th,7G OSA Platinum 7th,7th Grade Gold
Fall 2015,11/1/2015,Elkhorn Ridge Middle School,Court 1,5:00pm,7G Elkhorn Elite Gold 7th,7G OSA Platinum 7th,7th Grade Gold
Fall 2015,10/31/2015,Nebraska Elite,Court 2,8:00pm,7G Millard North Silver 7th,7G PLV Monarchs Maroon 7th,7th Grade Gold
Fall 2015,11/15/2015,Nebraska Elite,Court 1,8:00pm,7G Legends 7th,7G PLV Monarchs Maroon 7th,7th Grade Gold
Fall 2015,11/22/2015,Nebraska Elite,Court 1,7:00pm,7G Lady Grizzlies Black 7th,7G PLV Monarchs Maroon 7th,7th Grade Gold
Fall 2015,12/6/2015,Nebraska Elite,Court 1,7:00pm,7G OSA Platinum 7th,7G PLV Monarchs Maroon 7th,7th Grade Gold
Fall 2015,10/25/2015,Elkhorn Ridge Middle School,Court 2,2:00pm,7SA PLV South Titans Black 7th,7SA Elkhorn Elite Red 7th,7th Grade Silver A
Fall 2015,11/1/2015,Elkhorn Ridge Middle School,Court 2,12:00pm,7SA Marian Jr Crusaders Blue 7th,7SA Elkhorn Elite Red 7th,7th Grade Silver A
Fall 2015,11/15/2015,Elkhorn Ridge Middle School,Court 2,11:00am,7SA Westside Black 7th,7SA Elkhorn Elite Red 7th,7th Grade Silver A
Fall 2015,12/6/2015,Elkhorn Ridge Middle School,Court 2,12:00pm,7SA Gretna Green Ritterbush 7th,7SA Elkhorn Elite Red 7th,7th Grade Silver A
Fall 2015,10/25/2015,Elkhorn Ridge Middle School,Court 2,1:00pm,7SA Millard West Green 7th,7SA Gretna Green Ritterbush 7th,7th Grade Silver A
Fall 2015,11/1/2015,Elkhorn Ridge Middle School,Court 2,11:00am,7SA OSA Gold 7th,7SA Gretna Green Ritterbush 7th,7th Grade Silver A
Fall 2015,11/22/2015,Elkhorn Ridge Middle School,Court 2,2:00pm,7SA Marian Jr Crusaders Blue 7th,7SA Gretna Green Ritterbush 7th,7th Grade Silver A
Fall 2015,10/18/2015,Elkhorn Ridge Middle School,Court 2,12:00pm,7SA Gretna Green Ritterbush 7th,7SA Lady Grizzlies Black 6th,7th Grade Silver A
Fall 2015,11/1/2015,Elkhorn Ridge Middle School,Court 2,2:00pm,7SA Elkhorn Elite Red 7th,7SA Lady Grizzlies Black 6th,7th Grade Silver A
Fall 2015,11/8/2015,Elkhorn Ridge Middle School,Court 2,1:00pm,7SA OSA Gold 7th,7SA Lady Grizzlies Black 6th,7th Grade Silver A
Fall 2015,12/6/2015,Elkhorn Ridge Middle School,Court 2,2:00pm,7SA Marian Jr Crusaders Blue 7th,7SA Lady Grizzlies Black 6th,7th Grade Silver A
Fall 2015,10/18/2015,Elkhorn Ridge Middle School,Court 2,1:00pm,7SA OSA Gold 7th,7SA Marian Jr Crusaders Blue 7th,7th Grade Silver A
Fall 2015,11/22/2015,Elkhorn Ridge Middle School,Court 2,12:00pm,7SA Millard West Green 7th,7SA Marian Jr Crusaders Blue 7th,7th Grade Silver A
Fall 2015,11/8/2015,Elkhorn Ridge Middle School,Court 2,2:00pm,7SA Westside Black 7th,7SA Marian Jr Crusaders Blue 7th,7th Grade Silver A
Fall 2015,10/25/2015,Elkhorn Ridge Middle School,Court 2,12:00pm,7SA Elkhorn Elite Red 7th,7SA Millard West Green 7th,7th Grade Silver A
Fall 2015,11/15/2015,Elkhorn Ridge Middle School,Court 2,12:00pm,7SA PLV South Titans Black 7th,7SA Millard West Green 7th,7th Grade Silver A
Fall 2015,11/8/2015,Elkhorn Ridge Middle School,Court 2,12:00pm,7SA Lady Grizzlies Black 6th,7SA Millard West Green 7th,7th Grade Silver A
Fall 2015,12/6/2015,Elkhorn Ridge Middle School,Court 2,1:00pm,7SA Westside Black 7th,7SA Millard West Green 7th,7th Grade Silver A
Fall 2015,10/25/2015,Elkhorn Ridge Middle School,Court 2,11:00am,7SA Westside Black 7th,7SA OSA Gold 7th,7th Grade Silver A
Fall 2015,11/15/2015,Elkhorn Ridge Middle School,Court 2,2:00pm,7SA Millard West Green 7th,7SA OSA Gold 7th,7th Grade Silver A
Fall 2015,11/22/2015,Elkhorn Ridge Middle School,Court 2,1:00pm,7SA Elkhorn Elite Red 7th,7SA OSA Gold 7th,7th Grade Silver A
Fall 2015,12/6/2015,Elkhorn Ridge Middle School,Court 2,11:00am,7SA PLV South Titans Black 7th,7SA OSA Gold 7th,7th Grade Silver A
Fall 2015,10/18/2015,Elkhorn Ridge Middle School,Court 2,2:00pm,7SA Marian Jr Crusaders Blue 7th,7SA PLV South Titans Black 7th,7th Grade Silver A
Fall 2015,11/22/2015,Elkhorn Ridge Middle School,Court 2,11:00am,7SA Lady Grizzlies Black 6th,7SA PLV South Titans Black 7th,7th Grade Silver A
Fall 2015,11/8/2015,Elkhorn Ridge Middle School,Court 2,11:00am,7SA Gretna Green Ritterbush 7th,7SA PLV South Titans Black 7th,7th Grade Silver A
Fall 2015,10/18/2015,Elkhorn Ridge Middle School,Court 2,11:00am,7SA Lady Grizzlies Black 6th,7SA Westside Black 7th,7th Grade Silver A
Fall 2015,11/1/2015,Elkhorn Ridge Middle School,Court 2,1:00pm,7SA PLV South Titans Black 7th,7SA Westside Black 7th,7th Grade Silver A
Fall 2015,11/15/2015,Elkhorn Ridge Middle School,Court 2,1:00pm,7SA Gretna Green Ritterbush 7th,7SA Westside Black 7th,7th Grade Silver A
Fall 2015,10/18/2015,Nebraska Elite,Court 2,11:00am,7SB Millard South 7th,7SB Abraham Lincoln Jr Lynx 7th,7th Grade Silver B
Fall 2015,10/18/2015,Nebraska Elite,Court 2,12:00pm,7SB Blair Purple 7th,7SB Abraham Lincoln Jr Lynx 7th,7th Grade Silver B
Fall 2015,11/1/2015,Elkhorn Ridge Middle School,Court 2,10:00am,7SB Lady Grizzlies Orange 7th,7SB Abraham Lincoln Jr Lynx 7th,7th Grade Silver B
Fall 2015,11/15/2015,Nebraska Elite,Court 2,12:00pm,7SB Nebraska City Purple 7th,7SB Abraham Lincoln Jr Lynx 7th,7th Grade Silver B
Fall 2015,10/25/2015,Nebraska Elite,Court 2,11:00am,7SB Lady Grizzlies Orange 7th,7SB Blair Purple 7th,7th Grade Silver B
Fall 2015,11/22/2015,Elkhorn Ridge Middle School,Court 2,10:00am,7SB Glenwood 7th,7SB Blair Purple 7th,7th Grade Silver B
Fall 2015,11/8/2015,Nebraska Elite,Court 2,12:00pm,7SB Millard South 7th,7SB Blair Purple 7th,7th Grade Silver B
Fall 2015,10/25/2015,Elkhorn Ridge Middle School,Court 2,9:00am,7SB Abraham Lincoln Jr Lynx 7th,7SB Elkhorn Elite Blue 7th,7th Grade Silver B
Fall 2015,11/1/2015,Elkhorn Ridge Middle School,Court 2,9:00am,7SB Glenwood 7th,7SB Elkhorn Elite Blue 7th,7th Grade Silver B
Fall 2015,11/15/2015,Elkhorn Ridge Middle School,Court 2,9:00am,7SB Blair Purple 7th,7SB Elkhorn Elite Blue 7th,7th Grade Silver B
Fall 2015,12/6/2015,Elkhorn Ridge Middle School,Court 2,9:00am,7SB Nebraska City Purple 7th,7SB Elkhorn Elite Blue 7th,7th Grade Silver B
Fall 2015,10/25/2015,Nebraska Elite,Court 2,12:00pm,7SB Millard South 7th,7SB Glenwood 7th,7th Grade Silver B
Fall 2015,11/15/2015,Nebraska Elite,Court 2,11:00am,7SB Abraham Lincoln Jr Lynx 7th,7SB Glenwood 7th,7th Grade Silver B
Fall 2015,11/8/2015,Elkhorn Ridge Middle School,Court 2,10:00am,7SB Gretna White Ritterbush 7th,7SB Glenwood 7th,7th Grade Silver B
Fall 2015,12/6/2015,Nebraska Elite,Court 2,12:00pm,7SB Lady Grizzlies Orange 7th,7SB Glenwood 7th,7th Grade Silver B
Fall 2015,10/25/2015,Elkhorn Ridge Middle School,Court 2,10:00am,7SB Abraham Lincoln Jr Lynx 7th,7SB Gretna White Ritterbush 7th,7th Grade Silver B
Fall 2015,11/22/2015,Nebraska Elite,Court 2,12:00pm,7SB Nebraska City Purple 7th,7SB Gretna White Ritterbush 7th,7th Grade Silver B
Fall 2015,11/8/2015,Elkhorn Ridge Middle School,Court 2,9:00am,7SB Elkhorn Elite Blue 7th,7SB Gretna White Ritterbush 7th,7th Grade Silver B
Fall 2015,12/6/2015,Elkhorn Ridge Middle School,Court 2,10:00am,7SB Blair Purple 7th,7SB Gretna White Ritterbush 7th,7th Grade Silver B
Fall 2015,10/18/2015,Elkhorn Ridge Middle School,Court 2,10:00am,7SB Gretna White Ritterbush 7th,7SB Lady Grizzlies Orange 7th,7th Grade Silver B
Fall 2015,11/22/2015,Elkhorn Ridge Middle School,Court 2,9:00am,7SB Elkhorn Elite Blue 7th,7SB Lady Grizzlies Orange 7th,7th Grade Silver B
Fall 2015,11/8/2015,Nebraska Elite,Court 2,11:00am,7SB Nebraska City Purple 7th,7SB Lady Grizzlies Orange 7th,7th Grade Silver B
Fall 2015,10/18/2015,Elkhorn Ridge Middle School,Court 2,9:00am,7SB Elkhorn Elite Blue 7th,7SB Millard South 7th,7th Grade Silver B
Fall 2015,11/1/2015,Nebraska Elite,Court 2,11:00am,7SB Gretna White Ritterbush 7th,7SB Millard South 7th,7th Grade Silver B
Fall 2015,11/15/2015,Elkhorn Ridge Middle School,Court 2,10:00am,7SB Lady Grizzlies Orange 7th,7SB Millard South 7th,7th Grade Silver B
Fall 2015,11/1/2015,Nebraska Elite,Court 2,12:00pm,7SB Blair Purple 7th,7SB Nebraska City Purple 7th,7th Grade Silver B
Fall 2015,11/22/2015,Nebraska Elite,Court 2,11:00am,7SB Millard South 7th,7SB Nebraska City Purple 7th,7th Grade Silver B
Fall 2015,12/6/2015,Nebraska Elite,Court 2,11:00am,7SB Glenwood 7th,7SB Nebraska City Purple 7th,7th Grade Silver B
Fall 2015,10/18/2015,Nebraska Elite,Court 1,2:00pm,8B Louisville Lions 8th,8B Bellevue Ice 7th/8th,8th Grade Bronze
Fall 2015,11/1/2015,Nebraska Elite,Court 1,6:00pm,8B Lincoln Huskies 8th,8B Bellevue Ice 7th/8th,8th Grade Bronze
Fall 2015,11/15/2015,Nebraska Elite,Court 1,6:00pm,8B Millard West White 8th,8B Bellevue Ice 7th/8th,8th Grade Bronze
Fall 2015,12/6/2015,Nebraska Elite,Court 1,6:00pm,8B Lincoln Ambassadors Blue 8th,8B Bellevue Ice 7th/8th,8th Grade Bronze
Fall 2015,10/18/2015,Nebraska Elite,Court 1,6:00pm,8B Millard West White 8th,8B DC West 8th,8th Grade Bronze
Fall 2015,11/1/2015,Nebraska Elite,Court 1,12:00pm,8B Gretna Meadows 8th,8B DC West 8th,8th Grade Bronze
Fall 2015,11/22/2015,Nebraska Elite,Court 1,1:00pm,8B Lincoln Ambassadors Blue 8th,8B DC West 8th,8th Grade Bronze
Fall 2015,12/6/2015,Nebraska Elite,Court 1,12:00pm,8B Platteview Jr Trojans White 8th,8B DC West 8th,8th Grade Bronze
Fall 2015,10/18/2015,Nebraska Elite,Court 1,11:00am,8B Thunder 8th,8B Gretna Meadows 8th,8th Grade Bronze
Fall 2015,11/22/2015,Nebraska Elite,Court 1,6:00pm,8B Bellevue Ice 7th/8th,8B Gretna Meadows 8th,8th Grade Bronze
Fall 2015,11/8/2015,Nebraska Elite,Court 1,1:00pm,8B Lincoln Ambassadors Blue 8th,8B Gretna Meadows 8th,8th Grade Bronze
Fall 2015,11/1/2015,Nebraska Elite,Court 1,2:00pm,8B Millard West White 8th,8B Lincoln Ambassadors Blue 8th,8th Grade Bronze
Fall 2015,11/22/2015,Nebraska Elite,Court 1,2:00pm,8B Platteview Jr Trojans White 8th,8B Lincoln Ambassadors Blue 8th,8th Grade Bronze
Fall 2015,11/8/2015,Nebraska Elite,Court 1,2:00pm,8B Lincoln Huskies 8th,8B Lincoln Ambassadors Blue 8th,8th Grade Bronze
Fall 2015,10/18/2015,Nebraska Elite,Court 1,12:00pm,8B Louisville Lions 8th,8B Lincoln Huskies 8th,8th Grade Bronze
Fall 2015,10/25/2015,Nebraska Elite,Court 1,1:00pm,8B Platteview Jr Trojans White 8th,8B Lincoln Huskies 8th,8th Grade Bronze
Fall 2015,11/15/2015,Nebraska Elite,Court 1,2:00pm,8B DC West 8th,8B Lincoln Huskies 8th,8th Grade Bronze
Fall 2015,12/6/2015,Nebraska Elite,Court 1,1:00pm,8B Thunder 8th,8B Lincoln Huskies 8th,8th Grade Bronze
Fall 2015,10/25/2015,Nebraska Elite,Court 1,11:00am,8B DC West 8th,8B Louisville Lions 8th,8th Grade Bronze
Fall 2015,11/1/2015,Nebraska Elite,Court 1,11:00am,8B Roncalli Lady Pride 8th,8B Louisville Lions 8th,8th Grade Bronze
Fall 2015,11/15/2015,Nebraska Elite,Court 1,12:00pm,8B Thunder 8th,8B Louisville Lions 8th,8th Grade Bronze
Fall 2015,12/6/2015,Nebraska Elite,Court 1,11:00am,8B Gretna Meadows 8th,8B Louisville Lions 8th,8th Grade Bronze
Fall 2015,10/25/2015,Nebraska Elite,Court 1,6:00pm,8B Gretna Meadows 8th,8B Millard West White 8th,8th Grade Bronze
Fall 2015,11/22/2015,Nebraska Elite,Court 1,12:00pm,8B Louisville Lions 8th,8B Millard West White 8th,8th Grade Bronze
Fall 2015,11/8/2015,Nebraska Elite,Court 1,12:00pm,8B Platteview Jr Trojans White 8th,8B Millard West White 8th,8th Grade Bronze
Fall 2015,10/18/2015,Nebraska Elite,Court 1,1:00pm,8B Roncalli Lady Pride 8th,8B Platteview Jr Trojans White 8th,8th Grade Bronze
Fall 2015,10/25/2015,Nebraska Elite,Court 1,12:00pm,8B Thunder 8th,8B Platteview Jr Trojans White 8th,8th Grade Bronze
Fall 2015,11/15/2015,Nebraska Elite,Court 1,11:00am,8B Gretna Meadows 8th,8B Platteview Jr Trojans White 8th,8th Grade Bronze
Fall 2015,10/25/2015,Nebraska Elite,Court 1,2:00pm,8B Bellevue Ice 7th/8th,8B Roncalli Lady Pride 8th,8th Grade Bronze
Fall 2015,11/15/2015,Nebraska Elite,Court 1,1:00pm,8B Lincoln Huskies 8th,8B Roncalli Lady Pride 8th,8th Grade Bronze
Fall 2015,11/22/2015,Nebraska Elite,Court 1,11:00am,8B Millard West White 8th,8B Roncalli Lady Pride 8th,8th Grade Bronze
Fall 2015,11/8/2015,Nebraska Elite,Court 1,11:00am,8B DC West 8th,8B Roncalli Lady Pride 8th,8th Grade Bronze
Fall 2015,11/1/2015,Nebraska Elite,Court 1,1:00pm,8B Lincoln Ambassadors Blue 8th,8B Thunder 8th,8th Grade Bronze
Fall 2015,11/8/2015,Nebraska Elite,Court 1,6:00pm,8B Bellevue Ice 7th/8th,8B Thunder 8th,8th Grade Bronze
Fall 2015,12/6/2015,Nebraska Elite,Court 1,2:00pm,8B Roncalli Lady Pride 8th,8B Thunder 8th,8th Grade Bronze
Fall 2015,10/25/2015,Nebraska Elite,Court 1,3:00pm,8G Lady Grizzlies Orange 8th,8G Bellevue Thunder 8th,8th Grade Gold
Fall 2015,11/1/2015,Nebraska Elite,Court 1,3:00pm,8G Nebraska Lasers Gold 8th,8G Bellevue Thunder 8th,8th Grade Gold
Fall 2015,11/22/2015,Nebraska Elite,Court 1,4:00pm,8G Gretna Lazers 8th,8G Bellevue Thunder 8th,8th Grade Gold
Fall 2015,10/18/2015,Elkhorn Ridge Middle School,Court 1,7:00pm,8G Lady Grizzlies Orange 8th,8G Elkhorn Elite Gold 8th,8th Grade Gold
Fall 2015,10/25/2015,Elkhorn Ridge Middle School,Court 1,8:00pm,8G OSA Gold 8th,8G Elkhorn Elite Gold 8th,8th Grade Gold
Fall 2015,11/15/2015,Elkhorn Ridge Middle School,Court 1,8:00pm,8G Bellevue Thunder 8th,8G Elkhorn Elite Gold 8th,8th Grade Gold
Fall 2015,11/22/2015,Elkhorn Ridge Middle School,Court 1,7:00pm,8G Millard South Red 8th,8G Elkhorn Elite Gold 8th,8th Grade Gold
Fall 2015,11/15/2015,Nebraska Elite,Court 1,3:00pm,8G Millard West Black 8th,8G Gretna Dynamite 8th,8th Grade Gold
Fall 2015,11/22/2015,Elkhorn Ridge Middle School,Court 1,8:00pm,8G Elkhorn Elite Gold 8th,8G Gretna Dynamite 8th,8th Grade Gold
Fall 2015,11/8/2015,Nebraska Elite,Court 1,3:00pm,8G Millard South Red 8th,8G Gretna Dynamite 8th,8th Grade Gold
Fall 2015,11/1/2015,Elkhorn Ridge Middle School,Court 1,8:00pm,8G Millard West Black 8th,8G Gretna Lazers 8th,8th Grade Gold
Fall 2015,11/15/2015,Nebraska Elite,Court 1,5:00pm,8G Gretna Dynamite 8th,8G Gretna Lazers 8th,8th Grade Gold
Fall 2015,11/22/2015,Elkhorn Ridge Middle School,Court 1,6:00pm,8G Westside Black 8th,8G Gretna Lazers 8th,8th Grade Gold
Fall 2015,10/18/2015,Elkhorn Ridge Middle School,Court 1,6:00pm,8G Westside Black 8th,8G Lady Grizzlies Orange 8th,8th Grade Gold
Fall 2015,10/25/2015,Nebraska Elite,Court 1,4:00pm,8G Nebraska Lasers Gold 7th,8G Lady Grizzlies Orange 8th,8th Grade Gold
Fall 2015,11/1/2015,Nebraska Elite,Court 1,5:00pm,8G Marian Jr Crusaders Blue 8th,8G Lady Grizzlies Orange 8th,8th Grade Gold
Fall 2015,11/8/2015,Nebraska Elite,Court 1,4:00pm,8G Gretna Dynamite 8th,8G Lady Grizzlies Orange 8th,8th Grade Gold
Fall 2015,10/18/2015,Elkhorn Ridge Middle School,Court 1,8:00pm,8G Elkhorn Elite Gold 8th,8G Marian Jr Crusaders Blue 8th,8th Grade Gold
Fall 2015,11/15/2015,Elkhorn Ridge Middle School,Court 1,7:00pm,8G OSA Gold 8th,8G Marian Jr Crusaders Blue 8th,8th Grade Gold
Fall 2015,11/22/2015,Nebraska Elite,Court 1,3:00pm,8G Nebraska Lasers Gold 7th,8G Marian Jr Crusaders Blue 8th,8th Grade Gold
Fall 2015,11/8/2015,Nebraska Elite,Court 1,5:00pm,8G Bellevue Thunder 8th,8G Marian Jr Crusaders Blue 8th,8th Grade Gold
Fall 2015,10/18/2015,Nebraska Elite,Court 1,5:00pm,8G Bellevue Thunder 8th,8G Millard South Red 8th,8th Grade Gold
Fall 2015,11/15/2015,Elkhorn Ridge Middle School,Court 1,6:00pm,8G Gretna Lazers 8th,8G Millard South Red 8th,8th Grade Gold
Fall 2015,12/6/2015,Nebraska Elite,Court 1,4:00pm,8G Nebraska Lasers Gold 8th,8G Millard South Red 8th,8th Grade Gold
Fall 2015,10/18/2015,Nebraska Elite,Court 1,3:00pm,8G Bellevue Thunder 8th,8G Millard West Black 8th,8th Grade Gold
Fall 2015,10/18/2015,Nebraska Elite,Court 1,4:00pm,8G OSA Gold 8th,8G Millard West Black 8th,8th Grade Gold
Fall 2015,11/15/2015,Nebraska Elite,Court 1,4:00pm,8G Millard South Red 8th,8G Millard West Black 8th,8th Grade Gold
Fall 2015,10/25/2015,Nebraska Elite,Court 1,5:00pm,8G Gretna Dynamite 8th,8G Nebraska Lasers Gold 7th,8th Grade Gold
Fall 2015,11/1/2015,Elkhorn Ridge Middle School,Court 1,6:00pm,8G Gretna Lazers 8th,8G Nebraska Lasers Gold 7th,8th Grade Gold
Fall 2015,11/1/2015,Elkhorn Ridge Middle School,Court 1,7:00pm,8G Millard West Black 8th,8G Nebraska Lasers Gold 7th,8th Grade Gold
Fall 2015,11/22/2015,Nebraska Elite,Court 1,5:00pm,8G Millard South Red 8th,8G Nebraska Lasers Gold 7th,8th Grade Gold
Fall 2015,10/25/2015,Elkhorn Ridge Middle School,Court 1,7:00pm,8G Marian Jr Crusaders Blue 8th,8G Nebraska Lasers Gold 8th,8th Grade Gold
Fall 2015,11/1/2015,Nebraska Elite,Court 1,4:00pm,8G Westside Black 8th,8G Nebraska Lasers Gold 8th,8th Grade Gold
Fall 2015,12/6/2015,Elkhorn Ridge Middle School,Court 1,6:00pm,8G Gretna Lazers 8th,8G Nebraska Lasers Gold 8th,8th Grade Gold
Fall 2015,12/6/2015,Elkhorn Ridge Middle School,Court 1,7:00pm,8G Gretna Dynamite 8th,8G Nebraska Lasers Gold 8th,8th Grade Gold
Fall 2015,10/25/2015,Elkhorn Ridge Middle School,Court 1,6:00pm,8G Nebraska Lasers Gold 8th,8G OSA Gold 8th,8th Grade Gold
Fall 2015,11/8/2015,Elkhorn Ridge Middle School,Court 1,6:00pm,8G Lady Grizzlies Orange 8th,8G OSA Gold 8th,8th Grade Gold
Fall 2015,11/8/2015,Elkhorn Ridge Middle School,Court 1,7:00pm,8G Westside Black 8th,8G OSA Gold 8th,8th Grade Gold
Fall 2015,12/6/2015,Elkhorn Ridge Middle School,Court 1,8:00pm,8G Nebraska Lasers Gold 7th,8G OSA Gold 8th,8th Grade Gold
Fall 2015,11/8/2015,Elkhorn Ridge Middle School,Court 1,8:00pm,8G Elkhorn Elite Gold 8th,8G Westside Black 8th,8th Grade Gold
Fall 2015,12/6/2015,Nebraska Elite,Court 1,3:00pm,8G Millard West Black 8th,8G Westside Black 8th,8th Grade Gold
Fall 2015,12/6/2015,Nebraska Elite,Court 1,5:00pm,8G Marian Jr Crusaders Blue 8th,8G Westside Black 8th,8th Grade Gold
Fall 2015,10/25/2015,Elkhorn Ridge Middle School,Court 2,3:00pm,8SA Skutt 8th,8SA Arlington 8th,8th Grade Silver A
Fall 2015,10/25/2015,Elkhorn Ridge Middle School,Court 2,5:00pm,8SA Waverly Vikings Maroon 8th,8SA Arlington 8th,8th Grade Silver A
Fall 2015,11/8/2015,Elkhorn Ridge Middle School,Court 2,3:00pm,8SA Nebraska Lasers Black 8th,8SA Arlington 8th,8th Grade Silver A
Fall 2015,10/18/2015,Elkhorn Ridge Middle School,Court 2,3:00pm,8SA Lincoln Ambassadors Gold 8th,8SA Elkhorn Elite Red 9th,8th Grade Silver A
Fall 2015,11/1/2015,Elkhorn Ridge Middle School,Court 2,3:00pm,8SA Waverly Vikings Maroon 8th,8SA Elkhorn Elite Red 9th,8th Grade Silver A
Fall 2015,11/15/2015,Elkhorn Ridge Middle School,Court 2,4:00pm,8SA Millard North Silver 8th,8SA Elkhorn Elite Red 9th,8th Grade Silver A
Fall 2015,12/6/2015,Elkhorn Ridge Middle School,Court 2,4:00pm,8SA Arlington 8th,8SA Elkhorn Elite Red 9th,8th Grade Silver A
Fall 2015,10/18/2015,Nebraska Elite,Court 2,1:00pm,8SA Waverly Vikings Maroon 8th,8SA Lincoln Ambassadors Gold 8th,8th Grade Silver A
Fall 2015,11/1/2015,Elkhorn Ridge Middle School,Court 2,4:00pm,8SA Arlington 8th,8SA Lincoln Ambassadors Gold 8th,8th Grade Silver A
Fall 2015,11/22/2015,Elkhorn Ridge Middle School,Court 2,5:00pm,8SA Lincoln Katz DB Black 8th,8SA Lincoln Ambassadors Gold 8th,8th Grade Silver A
Fall 2015,11/1/2015,Nebraska Elite,Court 2,1:00pm,8SA Nebraska Lasers Black 8th,8SA Lincoln Katz DB Black 8th,8th Grade Silver A
Fall 2015,11/15/2015,Nebraska Elite,Court 2,2:00pm,8SA Skutt 8th,8SA Lincoln Katz DB Black 8th,8th Grade Silver A
Fall 2015,11/22/2015,Elkhorn Ridge Middle School,Court 2,3:00pm,8SA Waverly Vikings Maroon 8th,8SA Lincoln Katz DB Black 8th,8th Grade Silver A
Fall 2015,11/8/2015,Elkhorn Ridge Middle School,Court 2,5:00pm,8SA Elkhorn Elite Red 9th,8SA Lincoln Katz DB Black 8th,8th Grade Silver A
Fall 2015,11/1/2015,Elkhorn Ridge Middle School,Court 2,5:00pm,8SA Lincoln Ambassadors Gold 8th,8SA Millard North Silver 8th,8th Grade Silver A
Fall 2015,11/8/2015,Nebraska Elite,Court 2,2:00pm,8SA Millard West Green 8th,8SA Millard North Silver 8th,8th Grade Silver A
Fall 2015,12/6/2015,Nebraska Elite,Court 2,2:00pm,8SA Arlington 8th,8SA Millard North Silver 8th,8th Grade Silver A
Fall 2015,10/18/2015,Elkhorn Ridge Middle School,Court 2,5:00pm,8SA Lincoln Katz DB Black 8th,8SA Millard West Green 8th,8th Grade Silver A
Fall 2015,11/15/2015,Elkhorn Ridge Middle School,Court 2,3:00pm,8SA Arlington 8th,8SA Millard West Green 8th,8th Grade Silver A
Fall 2015,12/6/2015,Elkhorn Ridge Middle School,Court 2,3:00pm,8SA Skutt 8th,8SA Millard West Green 8th,8th Grade Silver A
Fall 2015,12/6/2015,Elkhorn Ridge Middle School,Court 2,5:00pm,8SA Elkhorn Elite Red 9th,8SA Millard West Green 8th,8th Grade Silver A
Fall 2015,11/1/2015,Nebraska Elite,Court 2,2:00pm,8SA Tekamah Herman 8th,8SA Nebraska Lasers Black 8th,8th Grade Silver A
Fall 2015,11/15/2015,Elkhorn Ridge Middle School,Court 2,5:00pm,8SA Millard West Green 8th,8SA Nebraska Lasers Black 8th,8th Grade Silver A
Fall 2015,11/22/2015,Elkhorn Ridge Middle School,Court 2,4:00pm,8SA Lincoln Ambassadors Gold 8th,8SA Nebraska Lasers Black 8th,8th Grade Silver A
Fall 2015,11/8/2015,Elkhorn Ridge Middle School,Court 2,4:00pm,8SA Elkhorn Elite Red 9th,8SA Nebraska Lasers Black 8th,8th Grade Silver A
Fall 2015,11/22/2015,Nebraska Elite,Court 2,2:00pm,8SA Nebraska Lasers Black 8th,8SA Skutt 8th,8th Grade Silver A
Fall 2015,11/8/2015,Nebraska Elite,Court 2,1:00pm,8SA Millard North Silver 8th,8SA Skutt 8th,8th Grade Silver A
Fall 2015,12/6/2015,Nebraska Elite,Court 2,1:00pm,8SA Tekamah Herman 8th,8SA Skutt 8th,8th Grade Silver A
Fall 2015,10/18/2015,Elkhorn Ridge Middle School,Court 2,4:00pm,8SA Lincoln Katz DB Black 8th,8SA Tekamah Herman 8th,8th Grade Silver A
Fall 2015,10/25/2015,Nebraska Elite,Court 2,1:00pm,8SA Millard West Green 8th,8SA Tekamah Herman 8th,8th Grade Silver A
Fall 2015,10/25/2015,Nebraska Elite,Court 2,2:00pm,8SA Millard North Silver 8th,8SA Tekamah Herman 8th,8th Grade Silver A
Fall 2015,11/15/2015,Nebraska Elite,Court 2,1:00pm,8SA Lincoln Ambassadors Gold 8th,8SA Tekamah Herman 8th,8th Grade Silver A
Fall 2015,10/18/2015,Nebraska Elite,Court 2,2:00pm,8SA Millard North Silver 8th,8SA Waverly Vikings Maroon 8th,8th Grade Silver A
Fall 2015,10/25/2015,Elkhorn Ridge Middle School,Court 2,4:00pm,8SA Skutt 8th,8SA Waverly Vikings Maroon 8th,8th Grade Silver A
Fall 2015,11/22/2015,Nebraska Elite,Court 2,1:00pm,8SA Tekamah Herman 8th,8SA Waverly Vikings Maroon 8th,8th Grade Silver A
Fall 2015,10/18/2015,Nebraska Elite,Court 2,8:00pm,8SB Fremont Elite Gold 8th,8SB Abraham Lincoln Jr Lynx 8th,8th Grade Silver B
Fall 2015,11/1/2015,Elkhorn Ridge Middle School,Court 2,8:00pm,8SB Elkhorn Elite White 8th,8SB Abraham Lincoln Jr Lynx 8th,8th Grade Silver B
Fall 2015,11/22/2015,Nebraska Elite,Court 2,3:00pm,8SB OSA Black 8th,8SB Abraham Lincoln Jr Lynx 8th,8th Grade Silver B
Fall 2015,10/18/2015,Elkhorn Ridge Middle School,Court 2,6:00pm,8SB OSA Black 8th,8SB Blair 8th,8th Grade Silver B
Fall 2015,11/22/2015,Nebraska Elite,Court 2,8:00pm,8SB Millard South White 8th,8SB Blair 8th,8th Grade Silver B
Fall 2015,11/8/2015,Nebraska Elite,Court 2,3:00pm,8SB Skutt 8th,8SB Blair 8th,8th Grade Silver B
Fall 2015,10/18/2015,Nebraska Elite,Court 2,7:00pm,8SB Abraham Lincoln Jr Lynx 8th,8SB CB TJ Jr Jackets 7th/8th,8th Grade Silver B
Fall 2015,11/1/2015,Nebraska Elite,Court 2,4:00pm,8SB Unity Stars 8th,8SB CB TJ Jr Jackets 7th/8th,8th Grade Silver B
Fall 2015,11/22/2015,Nebraska Elite,Court 2,7:00pm,8SB Platteview Jr Trojans Red 8th,8SB CB TJ Jr Jackets 7th/8th,8th Grade Silver B
Fall 2015,11/22/2015,Elkhorn Ridge Middle School,Court 2,8:00pm,8SB Lady Grizzlies White 8th,8SB CB TJ Jr Jackets 7th/8th,8th Grade Silver B
Fall 2015,10/25/2015,Elkhorn Ridge Middle School,Court 2,8:00pm,8SB Millard South White 8th,8SB Elkhorn Elite Blue 8th,8th Grade Silver B
Fall 2015,11/22/2015,Elkhorn Ridge Middle School,Court 2,6:00pm,8SB Unity Stars 8th,8SB Elkhorn Elite Blue 8th,8th Grade Silver B
Fall 2015,11/8/2015,Elkhorn Ridge Middle School,Court 2,8:00pm,8SB CB TJ Jr Jackets 7th/8th,8SB Elkhorn Elite Blue 8th,8th Grade Silver B
Fall 2015,12/6/2015,Elkhorn Ridge Middle School,Court 2,6:00pm,8SB Abraham Lincoln Jr Lynx 8th,8SB Elkhorn Elite Blue 8th,8th Grade Silver B
Fall 2015,10/18/2015,Elkhorn Ridge Middle School,Court 2,7:00pm,8SB Blair 8th,8SB Elkhorn Elite White 8th,8th Grade Silver B
Fall 2015,11/1/2015,Elkhorn Ridge Middle School,Court 2,6:00pm,8SB Fremont Elite Gold 8th,8SB Elkhorn Elite White 8th,8th Grade Silver B
Fall 2015,12/6/2015,Elkhorn Ridge Middle School,Court 2,7:00pm,8SB Legacy 8th,8SB Elkhorn Elite White 8th,8th Grade Silver B
Fall 2015,10/25/2015,Nebraska Elite,Court 2,5:00pm,8SB Nebraska Lasers Purple 8th,8SB Fremont Elite Gold 8th,8th Grade Silver B
Fall 2015,11/22/2015,Nebraska Elite,Court 2,4:00pm,8SB Skutt 8th,8SB Fremont Elite Gold 8th,8th Grade Silver B
Fall 2015,11/8/2015,Nebraska Elite,Court 2,8:00pm,8SB OSA Black 8th,8SB Fremont Elite Gold 8th,8th Grade Silver B
Fall 2015,10/25/2015,Elkhorn Ridge Middle School,Court 2,7:00pm,8SB CB TJ Jr Jackets 7th/8th,8SB Harlan Cyclones 8th,8th Grade Silver B
Fall 2015,11/15/2015,Nebraska Elite,Court 2,7:00pm,8SB Elkhorn Elite Blue 8th,8SB Harlan Cyclones 8th,8th Grade Silver B
Fall 2015,11/8/2015,Nebraska Elite,Court 2,6:00pm,8SB Abraham Lincoln Jr Lynx 8th,8SB Harlan Cyclones 8th,8th Grade Silver B
Fall 2015,12/6/2015,Nebraska Elite,Court 2,4:00pm,8SB North Bend 8th,8SB Harlan Cyclones 8th,8th Grade Silver B
Fall 2015,10/25/2015,Nebraska Elite,Court 2,7:00pm,8SB Legacy 8th,8SB Lady Grizzlies White 8th,8th Grade Silver B
Fall 2015,11/15/2015,Elkhorn Ridge Middle School,Court 2,8:00pm,8SB Marian Jr Crusaders White 8th,8SB Lady Grizzlies White 8th,8th Grade Silver B
Fall 2015,11/8/2015,Elkhorn Ridge Middle School,Court 2,6:00pm,8SB PLV Monarchs 7th/8th,8SB Lady Grizzlies White 8th,8th Grade Silver B
Fall 2015,10/18/2015,Nebraska Elite,Court 2,5:00pm,8SB North Bend 8th,8SB Legacy 8th,8th Grade Silver B
Fall 2015,11/1/2015,Nebraska Elite,Court 2,3:00pm,8SB Blair 8th,8SB Legacy 8th,8th Grade Silver B
Fall 2015,11/8/2015,Nebraska Elite,Court 2,7:00pm,8SB Fremont Elite Gold 8th,8SB Legacy 8th,8th Grade Silver B
Fall 2015,12/6/2015,Nebraska Elite,Court 2,6:00pm,8SB OSA Black 8th,8SB Legacy 8th,8th Grade Silver B
Fall 2015,10/25/2015,Elkhorn Ridge Middle School,Court 2,6:00pm,8SB Harlan Cyclones 8th,8SB Marian Jr Crusaders White 8th,8th Grade Silver B
Fall 2015,11/1/2015,Elkhorn Ridge Middle School,Court 2,7:00pm,8SB Elkhorn Elite Blue 8th,8SB Marian Jr Crusaders White 8th,8th Grade Silver B
Fall 2015,11/22/2015,Nebraska Elite,Court 2,5:00pm,8SB North Bend 8th,8SB Marian Jr Crusaders White 8th,8th Grade Silver B
Fall 2015,12/6/2015,Nebraska Elite,Court 2,7:00pm,8SB Blair 8th,8SB Marian Jr Crusaders White 8th,8th Grade Silver B
Fall 2015,10/18/2015,Nebraska Elite,Court 2,4:00pm,8SB Unity Stars 8th,8SB Millard South White 8th,8th Grade Silver B
Fall 2015,11/1/2015,Nebraska Elite,Court 2,6:00pm,8SB Nebraska Lasers Purple 8th,8SB Millard South White 8th,8th Grade Silver B
Fall 2015,11/1/2015,Nebraska Elite,Court 2,8:00pm,8SB Platteview Jr Trojans Red 8th,8SB Millard South White 8th,8th Grade Silver B
Fall 2015,11/15/2015,Elkhorn Ridge Middle School,Court 2,7:00pm,8SB Lady Grizzlies White 8th,8SB Millard South White 8th,8th Grade Silver B
Fall 2015,10/25/2015,Nebraska Elite,Court 2,3:00pm,8SB Elkhorn Elite White 8th,8SB Nebraska Lasers Purple 8th,8th Grade Silver B
Fall 2015,11/1/2015,Nebraska Elite,Court 2,7:00pm,8SB PLV Monarchs 7th/8th,8SB Nebraska Lasers Purple 8th,8th Grade Silver B
Fall 2015,11/15/2015,Nebraska Elite,Court 2,6:00pm,8SB Legacy 8th,8SB Nebraska Lasers Purple 8th,8th Grade Silver B
Fall 2015,10/25/2015,Nebraska Elite,Court 2,6:00pm,8SB Skutt 8th,8SB North Bend 8th,8th Grade Silver B
Fall 2015,11/8/2015,Nebraska Elite,Court 2,5:00pm,8SB Millard South White 8th,8SB North Bend 8th,8th Grade Silver B
Fall 2015,12/6/2015,Elkhorn Ridge Middle School,Court 2,8:00pm,8SB CB TJ Jr Jackets 7th/8th,8SB North Bend 8th,8th Grade Silver B
Fall 2015,10/25/2015,Nebraska Elite,Court 2,8:00pm,8SB Lady Grizzlies White 8th,8SB OSA Black 8th,8th Grade Silver B
Fall 2015,11/15/2015,Elkhorn Ridge Middle School,Court 2,6:00pm,8SB Elkhorn Elite White 8th,8SB OSA Black 8th,8th Grade Silver B
Fall 2015,12/6/2015,Nebraska Elite,Court 2,8:00pm,8SB Nebraska Lasers Purple 8th,8SB OSA Black 8th,8th Grade Silver B
Fall 2015,10/25/2015,Nebraska Elite,Court 2,4:00pm,8SB PLV Monarchs 7th/8th,8SB Platteview Jr Trojans Red 8th,8th Grade Silver B
Fall 2015,11/15/2015,Nebraska Elite,Court 2,8:00pm,8SB Harlan Cyclones 8th,8SB Platteview Jr Trojans Red 8th,8th Grade Silver B
Fall 2015,11/8/2015,Elkhorn Ridge Middle School,Court 2,7:00pm,8SB Marian Jr Crusaders White 8th,8SB Platteview Jr Trojans Red 8th,8th Grade Silver B
Fall 2015,10/18/2015,Elkhorn Ridge Middle School,Court 2,8:00pm,8SB Elkhorn Elite Blue 8th,8SB PLV Monarchs 7th/8th,8th Grade Silver B
Fall 2015,11/15/2015,Nebraska Elite,Court 2,3:00pm,8SB Blair 8th,8SB PLV Monarchs 7th/8th,8th Grade Silver B
Fall 2015,11/22/2015,Elkhorn Ridge Middle School,Court 2,7:00pm,8SB North Bend 8th,8SB PLV Monarchs 7th/8th,8th Grade Silver B
Fall 2015,12/6/2015,Nebraska Elite,Court 2,5:00pm,8SB Fremont Elite Gold 8th,8SB PLV Monarchs 7th/8th,8th Grade Silver B
Fall 2015,10/18/2015,Nebraska Elite,Court 2,3:00pm,8SB Platteview Jr Trojans Red 8th,8SB Skutt 8th,8th Grade Silver B
Fall 2015,11/1/2015,Nebraska Elite,Court 2,5:00pm,8SB Lady Grizzlies White 8th,8SB Skutt 8th,8th Grade Silver B
Fall 2015,11/15/2015,Nebraska Elite,Court 2,5:00pm,8SB Nebraska Lasers Purple 8th,8SB Skutt 8th,8th Grade Silver B
Fall 2015,11/22/2015,Nebraska Elite,Court 2,6:00pm,8SB Elkhorn Elite White 8th,8SB Skutt 8th,8th Grade Silver B
Fall 2015,10/18/2015,Nebraska Elite,Court 2,6:00pm,8SB Marian Jr Crusaders White 8th,8SB Unity Stars 8th,8th Grade Silver B
Fall 2015,11/15/2015,Nebraska Elite,Court 2,4:00pm,8SB Abraham Lincoln Jr Lynx 8th,8SB Unity Stars 8th,8th Grade Silver B
Fall 2015,11/8/2015,Nebraska Elite,Court 2,4:00pm,8SB Harlan Cyclones 8th,8SB Unity Stars 8th,8th Grade Silver B
Fall 2015,12/6/2015,Nebraska Elite,Court 2,3:00pm,8SB Platteview Jr Trojans Red 8th,8SB Unity Stars 8th,8th Grade Silver B
