Season,Date,Time,Visitor,Home,Division,Location,Court
Winter 2017,1/14/2017,12:00pm,3B Bellevue Ice 3rd,3B Arlington Eagles 3rd,3B,NE Elite,Court 2
Winter 2017,1/28/2017,11:00am,3B Millard South 3rd,3B Arlington Eagles 3rd,3B,NE Elite,Court 2
Winter 2017,1/7/2017,10:00am,3B Belleuve Thunder Purple 3rd,3B Arlington Eagles 3rd,3B,NE Elite,Court 2
Winter 2017,2/25/2017,11:00am,3B Gretna Rhoades 3rd,3B Arlington Eagles 3rd,3B,NE Elite,Court 2
Winter 2017,1/14/2017,1:00pm,3B Gretna Hoopers 3rd,3B Belleuve Thunder Purple 3rd,3B,NE Elite,Court 2
Winter 2017,1/21/2017,10:00am,3B Elkhorn Elite Gold 3rd,3B Belleuve Thunder Purple 3rd,3B,NE Elite,Court 2
Winter 2017,2/11/2017,8:00am,3B Small But Mighty 2nd,3B Belleuve Thunder Purple 3rd,3B,NE Elite,Court 2
Winter 2017,2/4/2017,1:00pm,3B Gretna Hermeling 3rd,3B Belleuve Thunder Purple 3rd,3B,NE Elite,Court 2
Winter 2017,1/21/2017,1:00pm,3B Millard West Green 3rd,3B Bellevue Ice 3rd,3B,NE Elite,Court 2
Winter 2017,2/11/2017,1:00pm,3B Logan IA 3rd,3B Bellevue Ice 3rd,3B,NE Elite,Court 2
Winter 2017,2/11/2017,11:00am,3B Gretna Hoopers 3rd,3B Bellevue Ice 3rd,3B,NE Elite,Court 2
Winter 2017,1/14/2017,9:00am,3B Elkhorn Elite Gold 3rd,3B Blair White 3rd,3B,NE Elite,Court 2
Winter 2017,1/21/2017,11:00am,3B Belleuve Thunder Purple 3rd,3B Blair White 3rd,3B,NE Elite,Court 2
Winter 2017,2/25/2017,12:00pm,3B Bellevue Ice 3rd,3B Blair White 3rd,3B,NE Elite,Court 2
Winter 2017,2/4/2017,9:00am,3B Millard South 3rd,3B Blair White 3rd,3B,NE Elite,Court 2
Winter 2017,1/28/2017,12:00pm,3B Logan IA 3rd,3B Elkhorn Elite Gold 3rd,3B,NE Elite,Court 2
Winter 2017,1/7/2017,11:00am,3B Bellevue Ice 3rd,3B Elkhorn Elite Gold 3rd,3B,NE Elite,Court 2
Winter 2017,2/11/2017,9:00am,3B Millard West Green 3rd,3B Elkhorn Elite Gold 3rd,3B,NE Elite,Court 2
Winter 2017,2/4/2017,12:00pm,3B Gretna Rhoades 3rd,3B Elkhorn Elite Gold 3rd,3B,NE Elite,Court 2
Winter 2017,1/14/2017,10:00am,3B Arlington Eagles 3rd,3B Gretna Hermeling 3rd,3B,NE Elite,Court 2
Winter 2017,1/21/2017,9:00am,3B Blair White 3rd,3B Gretna Hermeling 3rd,3B,NE Elite,Court 2
Winter 2017,2/25/2017,10:00am,3B Millard South 3rd,3B Gretna Hermeling 3rd,3B,NE Elite,Court 2
Winter 2017,2/25/2017,8:00am,3B Elkhorn Elite Gold 3rd,3B Gretna Hermeling 3rd,3B,NE Elite,Court 2
Winter 2017,1/28/2017,10:00am,3B Gretna Hermeling 3rd,3B Gretna Hoopers 3rd,3B,NE Elite,Court 2
Winter 2017,1/7/2017,8:00am,3B Blair White 3rd,3B Gretna Hoopers 3rd,3B,NE Elite,Court 2
Winter 2017,2/4/2017,10:00am,3B Logan IA 3rd,3B Gretna Hoopers 3rd,3B,NE Elite,Court 2
Winter 2017,2/4/2017,8:00am,3B Small But Mighty 2nd,3B Gretna Hoopers 3rd,3B,NE Elite,Court 2
Winter 2017,1/21/2017,12:00pm,3B Bellevue Ice 3rd,3B Gretna Rhoades 3rd,3B,NE Elite,Court 2
Winter 2017,1/7/2017,9:00am,3B Millard South 3rd,3B Gretna Rhoades 3rd,3B,NE Elite,Court 2
Winter 2017,2/25/2017,9:00am,3B Millard West Green 3rd,3B Gretna Rhoades 3rd,3B,NE Elite,Court 2
Winter 2017,1/28/2017,1:00pm,3B Gretna Rhoades 3rd,3B Logan IA 3rd,3B,NE Elite,Court 2
Winter 2017,1/7/2017,1:00pm,3B Small But Mighty 2nd,3B Logan IA 3rd,3B,NE Elite,Court 2
Winter 2017,2/11/2017,12:00pm,3B Arlington Eagles 3rd,3B Logan IA 3rd,3B,NE Elite,Court 2
Winter 2017,1/14/2017,11:00am,3B Millard West Green 3rd,3B Millard South 3rd,3B,NE Elite,Court 2
Winter 2017,1/28/2017,9:00am,3B Gretna Hoopers 3rd,3B Millard South 3rd,3B,NE Elite,Court 2
Winter 2017,2/11/2017,10:00am,3B Belleuve Thunder Purple 3rd,3B Millard South 3rd,3B,NE Elite,Court 2
Winter 2017,1/28/2017,8:00am,3B Small But Mighty 2nd,3B Millard West Green 3rd,3B,NE Elite,Court 2
Winter 2017,1/7/2017,12:00pm,3B Gretna Hermeling 3rd,3B Millard West Green 3rd,3B,NE Elite,Court 2
Winter 2017,2/4/2017,11:00am,3B Logan IA 3rd,3B Millard West Green 3rd,3B,NE Elite,Court 2
Winter 2017,1/14/2017,8:00am,3B Gretna Rhoades 3rd,3B Small But Mighty 2nd,3B,NE Elite,Court 2
Winter 2017,1/21/2017,8:00am,3B Arlington Eagles 3rd,3B Small But Mighty 2nd,3B,NE Elite,Court 2
Winter 2017,2/25/2017,1:00pm,3B Blair White 3rd,3B Small But Mighty 2nd,3B,NE Elite,Court 2
Winter 2017,1/15/2017,9:00am,3GS PLV Monarchs 3rd,3GS AL Jr Lynx 3rd,3GS,NE Elite,Court 1
Winter 2017,1/29/2017,12:00pm,3GS Millard West Black 3rd,3GS AL Jr Lynx 3rd,3GS,NE Elite,Court 1
Winter 2017,2/26/2017,2:00pm,3GS Blair Purple 3rd,3GS AL Jr Lynx 3rd,3GS,NE Elite,Court 1
Winter 2017,2/5/2017,10:00am,3GS Bennington 3rd,3GS AL Jr Lynx 3rd,3GS,NE Elite,Court 1
Winter 2017,1/22/2017,1:00pm,3GS Blair Purple 3rd,3GS Bellevue Thunder Gold 3rd,3GS,NE Elite,Court 1
Winter 2017,1/8/2017,2:00pm,3GS Bennington 3rd,3GS Bellevue Thunder Gold 3rd,3GS,NE Elite,Court 1
Winter 2017,2/12/2017,1:00pm,3GS Cardinals 3rd,3GS Bellevue Thunder Gold 3rd,3GS,NE Elite,Court 1
Winter 2017,1/15/2017,11:00am,3GS Lady Grizzlies Black 3rd,3GS Bennington 3rd,3GS,NE Elite,Court 1
Winter 2017,1/29/2017,9:00am,3GS OSA Platinum 3rd,3GS Bennington 3rd,3GS,NE Elite,Court 1
Winter 2017,2/12/2017,12:00pm,3GS Millard West Black 3rd,3GS Bennington 3rd,3GS,NE Elite,Court 1
Winter 2017,2/26/2017,12:00pm,3GS Elkhorn Angles 3rd,3GS Bennington 3rd,3GS,NE Elite,Court 1
Winter 2017,1/15/2017,10:00am,3GS OSA Gold 3rd,3GS Blair Purple 3rd,3GS,NE Elite,Court 1
Winter 2017,1/29/2017,2:00pm,3GS Lady Grizzlies Black 3rd,3GS Blair Purple 3rd,3GS,NE Elite,Court 1
Winter 2017,2/5/2017,11:00am,3GS OSA Platinum 3rd,3GS Blair Purple 3rd,3GS,NE Elite,Court 1
Winter 2017,1/29/2017,11:00am,3GS OSA Gold 3rd,3GS Cardinals 3rd,3GS,NE Elite,Court 1
Winter 2017,1/8/2017,10:00am,3GS Blair Purple 3rd,3GS Cardinals 3rd,3GS,NE Elite,Court 1
Winter 2017,2/5/2017,2:00pm,3GS Lady Grizzlies Black 3rd,3GS Cardinals 3rd,3GS,NE Elite,Court 1
Winter 2017,1/15/2017,2:00pm,3GS Bellevue Thunder Gold 3rd,3GS Elkhorn Angles 3rd,3GS,NE Elite,Court 1
Winter 2017,1/29/2017,10:00am,3GS PLV Monarchs 3rd,3GS Elkhorn Angles 3rd,3GS,NE Elite,Court 1
Winter 2017,2/12/2017,10:00am,3GS AL Jr Lynx 3rd,3GS Elkhorn Angles 3rd,3GS,NE Elite,Court 1
Winter 2017,1/22/2017,12:00pm,3GS Elkhorn Angles 3rd,3GS Lady Grizzlies Black 3rd,3GS,NE Elite,Court 1
Winter 2017,1/8/2017,1:00pm,3GS AL Jr Lynx 3rd,3GS Lady Grizzlies Black 3rd,3GS,NE Elite,Court 1
Winter 2017,2/26/2017,1:00pm,3GS OSA Gold 3rd,3GS Lady Grizzlies Black 3rd,3GS,NE Elite,Court 1
Winter 2017,2/5/2017,12:00pm,3GS Wildcats 3rd,3GS Lady Grizzlies Black 3rd,3GS,NE Elite,Court 1
Winter 2017,1/15/2017,1:00pm,3GS Bellevue Thunder Gold 3rd,3GS Millard West Black 3rd,3GS,NE Elite,Court 1
Winter 2017,1/22/2017,9:00am,3GS Cardinals 3rd,3GS Millard West Black 3rd,3GS,NE Elite,Court 1
Winter 2017,1/8/2017,11:00am,3GS Wildcats 3rd,3GS Millard West Black 3rd,3GS,NE Elite,Court 1
Winter 2017,2/5/2017,9:00am,3GS OSA Gold 3rd,3GS Millard West Black 3rd,3GS,NE Elite,Court 1
Winter 2017,1/22/2017,2:00pm,3GS Wildcats 3rd,3GS OSA Gold 3rd,3GS,NE Elite,Court 1
Winter 2017,1/8/2017,9:00am,3GS Elkhorn Angles 3rd,3GS OSA Gold 3rd,3GS,NE Elite,Court 1
Winter 2017,2/12/2017,2:00pm,3GS Bellevue Thunder Gold 3rd,3GS OSA Gold 3rd,3GS,NE Elite,Court 1
Winter 2017,1/22/2017,11:00am,3GS AL Jr Lynx 3rd,3GS OSA Platinum 3rd,3GS,NE Elite,Court 1
Winter 2017,2/26/2017,10:00am,3GS Wildcats 3rd,3GS OSA Platinum 3rd,3GS,NE Elite,Court 1
Winter 2017,2/26/2017,9:00am,3GS Millard West Black 3rd,3GS OSA Platinum 3rd,3GS,NE Elite,Court 1
Winter 2017,2/5/2017,1:00pm,3GS Elkhorn Angles 3rd,3GS OSA Platinum 3rd,3GS,NE Elite,Court 1
Winter 2017,1/22/2017,10:00am,3GS OSA Platinum 3rd,3GS PLV Monarchs 3rd,3GS,NE Elite,Court 1
Winter 2017,1/8/2017,12:00pm,3GS Bennington 3rd,3GS PLV Monarchs 3rd,3GS,NE Elite,Court 1
Winter 2017,2/12/2017,9:00am,3GS Blair Purple 3rd,3GS PLV Monarchs 3rd,3GS,NE Elite,Court 1
Winter 2017,2/26/2017,11:00am,3GS Cardinals 3rd,3GS PLV Monarchs 3rd,3GS,NE Elite,Court 1
Winter 2017,1/15/2017,12:00pm,3GS Cardinals 3rd,3GS Wildcats 3rd,3GS,NE Elite,Court 1
Winter 2017,1/29/2017,1:00pm,3GS Bellevue Thunder Gold 3rd,3GS Wildcats 3rd,3GS,NE Elite,Court 1
Winter 2017,2/12/2017,11:00am,3GS PLV Monarchs 3rd,3GS Wildcats 3rd,3GS,NE Elite,Court 1
Winter 2017,1/14/2017,8:00pm,4B Fremont Elite Gold 4th,4B AL Jr Lynx 4th,4B,NE Elite,Court 2
Winter 2017,1/28/2017,5:00pm,4B Marian Jr Crusaders Hagen 3rd/4th,4B AL Jr Lynx 4th,4B,NE Elite,Court 2
Winter 2017,2/11/2017,3:00pm,4B Lady Grizzlies Orange 4th,4B AL Jr Lynx 4th,4B,NE Elite,Court 2
Winter 2017,1/14/2017,7:00pm,4B Elkhorn Elite Blue 4th,4B Bennington Badgers Anderson 4th,4B,NE Elite,Court 2
Winter 2017,2/25/2017,4:00pm,4B CB LC Titans Damgaard 4th,4B Bennington Badgers Anderson 4th,4B,NE Elite,Court 2
Winter 2017,2/4/2017,5:00pm,4B Waverly Vikings Harmes 4th,4B Bennington Badgers Anderson 4th,4B,NE Elite,Court 2
Winter 2017,1/14/2017,2:00pm,4B Marian Jr Crusaders Hagen 3rd/4th,4B Bennington Badgers Reinoelh 4th,4B,NE Elite,Court 2
Winter 2017,1/28/2017,7:00pm,4B Lady Grizzlies Orange 4th,4B Bennington Badgers Reinoelh 4th,4B,NE Elite,Court 2
Winter 2017,2/11/2017,6:00pm,4B CB LC Titans Brundidge 4th,4B Bennington Badgers Reinoelh 4th,4B,NE Elite,Court 2
Winter 2017,2/25/2017,6:00pm,4B Gretna Horak 4th,4B Bennington Badgers Reinoelh 4th,4B,NE Elite,Court 2
Winter 2017,1/14/2017,4:00pm,4B Waverly Vikings Harmes 4th,4B CB LC Titans Brundidge 4th,4B,NE Elite,Court 2
Winter 2017,1/28/2017,8:00pm,4B DC West Swish 3rd/4th,4B CB LC Titans Brundidge 4th,4B,NE Elite,Court 2
Winter 2017,2/25/2017,7:00pm,4B Westside Red 4th,4B CB LC Titans Brundidge 4th,4B,NE Elite,Court 2
Winter 2017,2/4/2017,8:00pm,4B Gretna Horak 4th,4B CB LC Titans Brundidge 4th,4B,NE Elite,Court 2
Winter 2017,1/21/2017,2:00pm,4B AL Jr Lynx 4th,4B CB LC Titans Damgaard 4th,4B,NE Elite,Court 2
Winter 2017,1/28/2017,4:00pm,4B Millard West Green 4th,4B CB LC Titans Damgaard 4th,4B,NE Elite,Court 2
Winter 2017,1/7/2017,3:00pm,4B Bennington Badgers Reinoelh 4th,4B CB LC Titans Damgaard 4th,4B,NE Elite,Court 2
Winter 2017,2/4/2017,3:00pm,4B Fremont Elite Gold 4th,4B CB LC Titans Damgaard 4th,4B,NE Elite,Court 2
Winter 2017,1/21/2017,7:00pm,4B Gretna Horak 4th,4B DC West Swish 3rd/4th,4B,NE Elite,Court 2
Winter 2017,1/7/2017,6:00pm,4B Lady Grizzlies Orange 4th,4B DC West Swish 3rd/4th,4B,NE Elite,Court 2
Winter 2017,2/25/2017,8:00pm,4B AL Jr Lynx 4th,4B DC West Swish 3rd/4th,4B,NE Elite,Court 2
Winter 2017,2/4/2017,6:00pm,4B Bennington Badgers Reinoelh 4th,4B DC West Swish 3rd/4th,4B,NE Elite,Court 2
Winter 2017,1/7/2017,7:00pm,4B AL Jr Lynx 4th,4B Elkhorn Elite Blue 4th,4B,NE Elite,Court 2
Winter 2017,2/11/2017,7:00pm,4B CB LC Titans Damgaard 4th,4B Elkhorn Elite Blue 4th,4B,NE Elite,Court 2
Winter 2017,2/25/2017,5:00pm,4B Millard West Green 4th,4B Elkhorn Elite Blue 4th,4B,NE Elite,Court 2
Winter 2017,1/21/2017,8:00pm,4B Bennington Badgers Anderson 4th,4B Fremont Elite Gold 4th,4B,NE Elite,Court 2
Winter 2017,1/7/2017,2:00pm,4B Westside Red 4th,4B Fremont Elite Gold 4th,4B,NE Elite,Court 2
Winter 2017,2/4/2017,4:00pm,4B Elkhorn Elite Blue 4th,4B Fremont Elite Gold 4th,4B,NE Elite,Court 2
Winter 2017,1/14/2017,3:00pm,4B Millard West Green 4th,4B Gretna Horak 4th,4B,NE Elite,Court 2
Winter 2017,1/28/2017,3:00pm,4B Fremont Elite Gold 4th,4B Gretna Horak 4th,4B,NE Elite,Court 2
Winter 2017,2/11/2017,5:00pm,4B Elkhorn Elite Blue 4th,4B Gretna Horak 4th,4B,NE Elite,Court 2
Winter 2017,1/21/2017,5:00pm,4B CB LC Titans Brundidge 4th,4B Lady Grizzlies Orange 4th,4B,NE Elite,Court 2
Winter 2017,1/7/2017,8:00pm,4B Gretna Horak 4th,4B Lady Grizzlies Orange 4th,4B,NE Elite,Court 2
Winter 2017,2/25/2017,2:00pm,4B Bennington Badgers Anderson 4th,4B Lady Grizzlies Orange 4th,4B,NE Elite,Court 2
Winter 2017,2/4/2017,2:00pm,4B Westside Red 4th,4B Lady Grizzlies Orange 4th,4B,NE Elite,Court 2
Winter 2017,1/21/2017,3:00pm,4B Westside Red 4th,4B Marian Jr Crusaders Hagen 3rd/4th,4B,NE Elite,Court 2
Winter 2017,1/7/2017,4:00pm,4B CB LC Titans Brundidge 4th,4B Marian Jr Crusaders Hagen 3rd/4th,4B,NE Elite,Court 2
Winter 2017,2/11/2017,2:00pm,4B Bennington Badgers Anderson 4th,4B Marian Jr Crusaders Hagen 3rd/4th,4B,NE Elite,Court 2
Winter 2017,2/25/2017,3:00pm,4B Elkhorn Elite Blue 4th,4B Marian Jr Crusaders Hagen 3rd/4th,4B,NE Elite,Court 2
Winter 2017,1/28/2017,2:00pm,4B Fremont Elite Gold 4th,4B Millard West Green 4th,4B,NE Elite,Court 2
Winter 2017,1/7/2017,5:00pm,4B Bennington Badgers Anderson 4th,4B Millard West Green 4th,4B,NE Elite,Court 2
Winter 2017,2/11/2017,8:00pm,4B Marian Jr Crusaders Hagen 3rd/4th,4B Millard West Green 4th,4B,NE Elite,Court 2
Winter 2017,1/14/2017,6:00pm,4B DC West Swish 3rd/4th,4B Waverly Vikings Harmes 4th,4B,NE Elite,Court 2
Winter 2017,1/21/2017,4:00pm,4B Bennington Badgers Reinoelh 4th,4B Waverly Vikings Harmes 4th,4B,NE Elite,Court 2
Winter 2017,1/21/2017,6:00pm,4B Millard West Green 4th,4B Waverly Vikings Harmes 4th,4B,NE Elite,Court 2
Winter 2017,2/4/2017,7:00pm,4B AL Jr Lynx 4th,4B Waverly Vikings Harmes 4th,4B,NE Elite,Court 2
Winter 2017,1/14/2017,5:00pm,4B CB LC Titans Damgaard 4th,4B Westside Red 4th,4B,NE Elite,Court 2
Winter 2017,1/28/2017,6:00pm,4B Waverly Vikings Harmes 4th,4B Westside Red 4th,4B,NE Elite,Court 2
Winter 2017,2/11/2017,4:00pm,4B DC West Swish 3rd/4th,4B Westside Red 4th,4B,NE Elite,Court 2
Winter 2017,1/15/2017,12:00pm,4GSA Elkhorn South Jr Storm 4th,4GSA Blair Purple 4th,4GSA,NE Elite,Court 2
Winter 2017,2/26/2017,1:00pm,4GSA Roncalli Lady Pride 2 4th,4GSA Blair Purple 4th,4GSA,NE Elite,Court 2
Winter 2017,2/5/2017,12:00pm,4GSA Gretna Heckenlively 4th,4GSA Blair Purple 4th,4GSA,NE Elite,Court 2
Winter 2017,1/22/2017,11:00am,4GSA Blair Purple 4th,4GSA Elkhorn Elite Gold 4th,4GSA,NE Elite,Court 2
Winter 2017,1/8/2017,1:00pm,4GSA OSA Platinum 4th,4GSA Elkhorn Elite Gold 4th,4GSA,NE Elite,Court 2
Winter 2017,1/8/2017,12:00pm,4GSA Gretna Heckenlively 4th,4GSA Elkhorn Elite Gold 4th,4GSA,NE Elite,Court 2
Winter 2017,1/8/2017,11:00am,4GSA OSA Platinum 4th,4GSA Elkhorn South Jr Storm 4th,4GSA,NE Elite,Court 2
Winter 2017,2/12/2017,11:00am,4GSA Elkhorn Elite Gold 4th,4GSA Elkhorn South Jr Storm 4th,4GSA,NE Elite,Court 2
Winter 2017,2/26/2017,12:00pm,4GSA Blair Purple 4th,4GSA Elkhorn South Jr Storm 4th,4GSA,NE Elite,Court 2
Winter 2017,1/15/2017,11:00am,4GSA Roncalli Lady Pride 2 4th,4GSA Gretna Heckenlively 4th,4GSA,NE Elite,Court 2
Winter 2017,1/22/2017,1:00pm,4GSA OSA Platinum 4th,4GSA Gretna Heckenlively 4th,4GSA,NE Elite,Court 2
Winter 2017,1/29/2017,12:00pm,4GSA Elkhorn South Jr Storm 4th,4GSA Gretna Heckenlively 4th,4GSA,NE Elite,Court 2
Winter 2017,2/12/2017,12:00pm,4GSA Elkhorn Elite Gold 4th,4GSA Gretna Heckenlively 4th,4GSA,NE Elite,Court 2
Winter 2017,1/22/2017,12:00pm,4GSA Roncalli Lady Pride 2 4th,4GSA OSA Platinum 4th,4GSA,NE Elite,Court 2
Winter 2017,2/12/2017,1:00pm,4GSA Elkhorn South Jr Storm 4th,4GSA OSA Platinum 4th,4GSA,NE Elite,Court 2
Winter 2017,2/5/2017,1:00pm,4GSA Elkhorn Elite Gold 4th,4GSA OSA Platinum 4th,4GSA,NE Elite,Court 2
Winter 2017,2/5/2017,11:00am,4GSA Blair Purple 4th,4GSA OSA Platinum 4th,4GSA,NE Elite,Court 2
Winter 2017,1/15/2017,1:00pm,4GSA Elkhorn Elite Gold 4th,4GSA Roncalli Lady Pride 2 4th,4GSA,NE Elite,Court 2
Winter 2017,1/29/2017,1:00pm,4GSA Elkhorn South Jr Storm 4th,4GSA Roncalli Lady Pride 2 4th,4GSA,NE Elite,Court 2
Winter 2017,1/29/2017,11:00am,4GSA Blair Purple 4th,4GSA Roncalli Lady Pride 2 4th,4GSA,NE Elite,Court 2
Winter 2017,2/26/2017,11:00am,4GSA Gretna Heckenlively 4th,4GSA Roncalli Lady Pride 2 4th,4GSA,NE Elite,Court 2
Winter 2017,1/15/2017,2:00pm,4S Elkhorn Elite Red 4th,4S Bellevue Thunder 4th,4S,NE Elite,Court 2
Winter 2017,1/29/2017,3:00pm,4S Fremont Elite Black 4th,4S Bellevue Thunder 4th,4S,NE Elite,Court 2
Winter 2017,2/5/2017,3:00pm,4S Wahoo Cavalry 4th,4S Bellevue Thunder 4th,4S,NE Elite,Court 2
Winter 2017,2/5/2017,4:00pm,4S Westside Black 4th,4S Bellevue Thunder 4th,4S,NE Elite,Court 2
Winter 2017,1/22/2017,4:00pm,4S Bellevue Thunder 4th,4S EAA 4th,4S,NE Elite,Court 2
Winter 2017,1/8/2017,5:00pm,4S Wahoo Cavalry 4th,4S EAA 4th,4S,NE Elite,Court 2
Winter 2017,2/12/2017,3:00pm,4S Millard South 4th,4S EAA 4th,4S,NE Elite,Court 2
Winter 2017,2/5/2017,2:00pm,4S OSA Gold 4th,4S EAA 4th,4S,NE Elite,Court 2
Winter 2017,1/22/2017,2:00pm,4S Fremont Elite Black 4th,4S Elkhorn Elite Red 4th,4S,NE Elite,Court 2
Winter 2017,1/8/2017,3:00pm,4S EAA 4th,4S Elkhorn Elite Red 4th,4S,NE Elite,Court 2
Winter 2017,2/12/2017,4:00pm,4S Westside Black 4th,4S Elkhorn Elite Red 4th,4S,NE Elite,Court 2
Winter 2017,1/15/2017,4:00pm,4S Millard South 4th,4S Fremont Elite Black 4th,4S,NE Elite,Court 2
Winter 2017,1/29/2017,5:00pm,4S EAA 4th,4S Fremont Elite Black 4th,4S,NE Elite,Court 2
Winter 2017,2/26/2017,2:00pm,4S OSA Gold 4th,4S Fremont Elite Black 4th,4S,NE Elite,Court 2
Winter 2017,2/26/2017,3:00pm,4S Wahoo Cavalry 4th,4S Fremont Elite Black 4th,4S,NE Elite,Court 2
Winter 2017,1/15/2017,3:00pm,4S OSA Gold 4th,4S Millard South 4th,4S,NE Elite,Court 2
Winter 2017,1/8/2017,2:00pm,4S Bellevue Thunder 4th,4S Millard South 4th,4S,NE Elite,Court 2
Winter 2017,2/12/2017,2:00pm,4S Elkhorn Elite Red 4th,4S Millard South 4th,4S,NE Elite,Court 2
Winter 2017,1/15/2017,5:00pm,4S Westside Black 4th,4S OSA Gold 4th,4S,NE Elite,Court 2
Winter 2017,1/29/2017,4:00pm,4S Elkhorn Elite Red 4th,4S OSA Gold 4th,4S,NE Elite,Court 2
Winter 2017,2/26/2017,4:00pm,4S Bellevue Thunder 4th,4S OSA Gold 4th,4S,NE Elite,Court 2
Winter 2017,1/22/2017,3:00pm,4S Westside Black 4th,4S Wahoo Cavalry 4th,4S,NE Elite,Court 2
Winter 2017,1/22/2017,5:00pm,4S OSA Gold 4th,4S Wahoo Cavalry 4th,4S,NE Elite,Court 2
Winter 2017,2/26/2017,5:00pm,4S Elkhorn Elite Red 4th,4S Wahoo Cavalry 4th,4S,NE Elite,Court 2
Winter 2017,2/5/2017,5:00pm,4S Millard South 4th,4S Wahoo Cavalry 4th,4S,NE Elite,Court 2
Winter 2017,1/29/2017,2:00pm,4S Millard South 4th,4S Westside Black 4th,4S,NE Elite,Court 2
Winter 2017,1/8/2017,4:00pm,4S Fremont Elite Black 4th,4S Westside Black 4th,4S,NE Elite,Court 2
Winter 2017,2/12/2017,5:00pm,4S EAA 4th,4S Westside Black 4th,4S,NE Elite,Court 2
Winter 2017,1/21/2017,8:00pm,5BA Millard North Knoell 5th,5BA AL Jr Lynx 5th,5BA,NE Elite,Court 1
Winter 2017,1/28/2017,8:00pm,5BA Trailblazers 4th/5th,5BA AL Jr Lynx 5th,5BA,NE Elite,Court 1
Winter 2017,2/11/2017,8:00pm,5BA Millard West Green 5th,5BA AL Jr Lynx 5th,5BA,NE Elite,Court 1
Winter 2017,2/25/2017,8:00pm,5BA Elkhorn Elite Blue 5th,5BA AL Jr Lynx 5th,5BA,NE Elite,Court 1
Winter 2017,1/28/2017,4:00pm,5BA Millard North Knoell 5th,5BA CB Extreme 5th,5BA,NE Elite,Court 1
Winter 2017,1/7/2017,5:00pm,5BA Westside Grey 5th,5BA CB Extreme 5th,5BA,NE Elite,Court 1
Winter 2017,2/4/2017,8:00pm,5BA Trailblazers 4th/5th,5BA CB Extreme 5th,5BA,NE Elite,Court 1
Winter 2017,1/21/2017,4:00pm,5BA CB Extreme 5th,5BA DC West Swish 24 5th,5BA,NE Elite,Court 1
Winter 2017,1/7/2017,8:00pm,5BA AL Jr Lynx 5th,5BA DC West Swish 24 5th,5BA,NE Elite,Court 1
Winter 2017,2/11/2017,4:00pm,5BA Millard North Knoell 5th,5BA DC West Swish 24 5th,5BA,NE Elite,Court 1
Winter 2017,1/14/2017,7:00pm,5BA DC West Swish 24 5th,5BA Elkhorn Elite Blue 5th,5BA,NE Elite,Court 1
Winter 2017,2/11/2017,6:00pm,5BA Westside Red 5th,5BA Elkhorn Elite Blue 5th,5BA,NE Elite,Court 1
Winter 2017,2/25/2017,7:00pm,5BA PLV South Titans Blue 5th,5BA Elkhorn Elite Blue 5th,5BA,NE Elite,Court 1
Winter 2017,1/14/2017,5:00pm,5BA Elkhorn Elite Blue 5th,5BA Millard North Knoell 5th,5BA,NE Elite,Court 1
Winter 2017,1/7/2017,7:00pm,5BA Westside Red 5th,5BA Millard North Knoell 5th,5BA,NE Elite,Court 1
Winter 2017,2/4/2017,5:00pm,5BA Westside Grey 5th,5BA Millard North Knoell 5th,5BA,NE Elite,Court 1
Winter 2017,1/14/2017,6:00pm,5BA CB Extreme 5th,5BA Millard West Green 5th,5BA,NE Elite,Court 1
Winter 2017,1/21/2017,5:00pm,5BA Westside Grey 5th,5BA Millard West Green 5th,5BA,NE Elite,Court 1
Winter 2017,2/25/2017,4:00pm,5BA Millard North Knoell 5th,5BA Millard West Green 5th,5BA,NE Elite,Court 1
Winter 2017,2/4/2017,4:00pm,5BA DC West Swish 24 5th,5BA Millard West Green 5th,5BA,NE Elite,Court 1
Winter 2017,1/14/2017,8:00pm,5BA AL Jr Lynx 5th,5BA PLV South Titans Blue 5th,5BA,NE Elite,Court 1
Winter 2017,1/28/2017,7:00pm,5BA DC West Swish 24 5th,5BA PLV South Titans Blue 5th,5BA,NE Elite,Court 1
Winter 2017,1/7/2017,4:00pm,5BA Trailblazers 4th/5th,5BA PLV South Titans Blue 5th,5BA,NE Elite,Court 1
Winter 2017,2/4/2017,7:00pm,5BA CB Extreme 5th,5BA PLV South Titans Blue 5th,5BA,NE Elite,Court 1
Winter 2017,1/14/2017,4:00pm,5BA Millard West Green 5th,5BA Trailblazers 4th/5th,5BA,NE Elite,Court 1
Winter 2017,1/21/2017,6:00pm,5BA Westside Red 5th,5BA Trailblazers 4th/5th,5BA,NE Elite,Court 1
Winter 2017,2/11/2017,7:00pm,5BA Elkhorn Elite Blue 5th,5BA Trailblazers 4th/5th,5BA,NE Elite,Court 1
Winter 2017,2/25/2017,5:00pm,5BA Westside Grey 5th,5BA Trailblazers 4th/5th,5BA,NE Elite,Court 1
Winter 2017,1/28/2017,5:00pm,5BA DC West Swish 24 5th,5BA Westside Grey 5th,5BA,NE Elite,Court 1
Winter 2017,1/7/2017,6:00pm,5BA Elkhorn Elite Blue 5th,5BA Westside Grey 5th,5BA,NE Elite,Court 1
Winter 2017,2/11/2017,5:00pm,5BA PLV South Titans Blue 5th,5BA Westside Grey 5th,5BA,NE Elite,Court 1
Winter 2017,1/21/2017,7:00pm,5BA PLV South Titans Blue 5th,5BA Westside Red 5th,5BA,NE Elite,Court 1
Winter 2017,1/28/2017,6:00pm,5BA Millard West Green 5th,5BA Westside Red 5th,5BA,NE Elite,Court 1
Winter 2017,2/25/2017,6:00pm,5BA CB Extreme 5th,5BA Westside Red 5th,5BA,NE Elite,Court 1
Winter 2017,2/4/2017,6:00pm,5BA AL Jr Lynx 5th,5BA Westside Red 5th,5BA,NE Elite,Court 1
Winter 2017,1/14/2017,3:00pm,5BB Waverly Vikings 5th,5BB Bennington Badgers Mcllnay 5th,5BB,NE Elite,Court 1
Winter 2017,1/7/2017,12:00pm,5BB Blair White 5th,5BB Bennington Badgers Mcllnay 5th,5BB,NE Elite,Court 1
Winter 2017,2/25/2017,11:00am,5BB Gretna Taylor 5th,5BB Bennington Badgers Mcllnay 5th,5BB,NE Elite,Court 1
Winter 2017,2/4/2017,11:00am,5BB Elkhorn Elite White,5BB Bennington Badgers Mcllnay 5th,5BB,NE Elite,Court 1
Winter 2017,1/21/2017,2:00pm,5BB Waverly Vikings 5th,5BB Blair White 5th,5BB,NE Elite,Court 1
Winter 2017,2/25/2017,12:00pm,5BB Skutt Skyhawks 5th,5BB Blair White 5th,5BB,NE Elite,Court 1
Winter 2017,2/4/2017,1:00pm,5BB Gretna Taylor 5th,5BB Blair White 5th,5BB,NE Elite,Court 1
Winter 2017,1/14/2017,1:00pm,5BB Bennington Badgers Mcllnay 5th,5BB Elkhorn Elite Black 5th,5BB,NE Elite,Court 1
Winter 2017,2/11/2017,3:00pm,5BB Westside White 5th,5BB Elkhorn Elite Black 5th,5BB,NE Elite,Court 1
Winter 2017,2/25/2017,2:00pm,5BB Blair White 5th,5BB Elkhorn Elite Black 5th,5BB,NE Elite,Court 1
Winter 2017,2/4/2017,2:00pm,5BB Millard West White 5th,5BB Elkhorn Elite Black 5th,5BB,NE Elite,Court 1
Winter 2017,1/21/2017,12:00pm,5BB Blair White 5th,5BB Elkhorn Elite White,5BB,NE Elite,Court 1
Winter 2017,1/7/2017,11:00am,5BB Millard West White 5th,5BB Elkhorn Elite White,5BB,NE Elite,Court 1
Winter 2017,2/11/2017,11:00am,5BB Gretna Taylor 5th,5BB Elkhorn Elite White,5BB,NE Elite,Court 1
Winter 2017,1/21/2017,1:00pm,5BB Millard Dribbling Divas 5th,5BB Gretna Taylor 5th,5BB,NE Elite,Court 1
Winter 2017,1/28/2017,12:00pm,5BB Waverly Vikings 5th,5BB Gretna Taylor 5th,5BB,NE Elite,Court 1
Winter 2017,1/7/2017,2:00pm,5BB Elkhorn Elite Black 5th,5BB Gretna Taylor 5th,5BB,NE Elite,Court 1
Winter 2017,1/28/2017,2:00pm,5BB Westside White 5th,5BB Millard Dribbling Divas 5th,5BB,NE Elite,Court 1
Winter 2017,1/7/2017,1:00pm,5BB Elkhorn Elite White,5BB Millard Dribbling Divas 5th,5BB,NE Elite,Court 1
Winter 2017,2/11/2017,1:00pm,5BB Elkhorn Elite Black 5th,5BB Millard Dribbling Divas 5th,5BB,NE Elite,Court 1
Winter 2017,1/14/2017,12:00pm,5BB Gretna Taylor 5th,5BB Millard West White 5th,5BB,NE Elite,Court 1
Winter 2017,1/28/2017,11:00am,5BB Skutt Skyhawks 5th,5BB Millard West White 5th,5BB,NE Elite,Court 1
Winter 2017,2/11/2017,12:00pm,5BB Bennington Badgers Mcllnay 5th,5BB Millard West White 5th,5BB,NE Elite,Court 1
Winter 2017,2/25/2017,1:00pm,5BB Millard Dribbling Divas 5th,5BB Millard West White 5th,5BB,NE Elite,Court 1
Winter 2017,1/14/2017,11:00am,5BB Elkhorn Elite Black 5th,5BB Skutt Skyhawks 5th,5BB,NE Elite,Court 1
Winter 2017,1/21/2017,11:00am,5BB Waverly Vikings 5th,5BB Skutt Skyhawks 5th,5BB,NE Elite,Court 1
Winter 2017,2/11/2017,2:00pm,5BB Bennington Badgers Mcllnay 5th,5BB Skutt Skyhawks 5th,5BB,NE Elite,Court 1
Winter 2017,2/4/2017,12:00pm,5BB Millard Dribbling Divas 5th,5BB Skutt Skyhawks 5th,5BB,NE Elite,Court 1
Winter 2017,1/14/2017,2:00pm,5BB Millard Dribbling Divas 5th,5BB Waverly Vikings 5th,5BB,NE Elite,Court 1
Winter 2017,1/28/2017,1:00pm,5BB Elkhorn Elite White,5BB Waverly Vikings 5th,5BB,NE Elite,Court 1
Winter 2017,1/28/2017,3:00pm,5BB Westside White 5th,5BB Waverly Vikings 5th,5BB,NE Elite,Court 1
Winter 2017,1/21/2017,3:00pm,5BB Millard West White 5th,5BB Westside White 5th,5BB,NE Elite,Court 1
Winter 2017,1/7/2017,3:00pm,5BB Skutt Skyhawks 5th,5BB Westside White 5th,5BB,NE Elite,Court 1
Winter 2017,2/25/2017,3:00pm,5BB Elkhorn Elite White,5BB Westside White 5th,5BB,NE Elite,Court 1
Winter 2017,2/4/2017,3:00pm,5BB Blair White 5th,5BB Westside White 5th,5BB,NE Elite,Court 1
Winter 2017,1/14/2017,8:00am,5G Elkhorn Elite Gold 5th,5G Blair Purple 5th,5G,NE Elite,Court 1
Winter 2017,2/11/2017,9:00am,5G Millard West Black 5th,5G Blair Purple 5th,5G,NE Elite,Court 1
Winter 2017,2/4/2017,10:00am,5G Gretna Rose 5th,5G Blair Purple 5th,5G,NE Elite,Court 1
Winter 2017,2/4/2017,9:00am,5G PLV South Titans Black 5th,5G Blair Purple 5th,5G,NE Elite,Court 1
Winter 2017,1/21/2017,10:00am,5G Blair Purple 5th,5G Elkhorn Elite Gold 5th,5G,NE Elite,Court 1
Winter 2017,1/7/2017,9:00am,5G Marian Jr Crusaders Bench 5th,5G Elkhorn Elite Gold 5th,5G,NE Elite,Court 1
Winter 2017,2/25/2017,8:00am,5G Millard West Black 5th,5G Elkhorn Elite Gold 5th,5G,NE Elite,Court 1
Winter 2017,1/14/2017,10:00am,5G Blair Purple 5th,5G Gretna Rose 5th,5G,NE Elite,Court 1
Winter 2017,1/28/2017,10:00am,5G Elkhorn Elite Gold 5th,5G Gretna Rose 5th,5G,NE Elite,Court 1
Winter 2017,2/25/2017,9:00am,5G Millard West Black 5th,5G Gretna Rose 5th,5G,NE Elite,Court 1
Winter 2017,1/21/2017,9:00am,5G Blair Purple 5th,5G Marian Jr Crusaders Bench 5th,5G,NE Elite,Court 1
Winter 2017,1/7/2017,10:00am,5G PLV South Titans Black 5th,5G Marian Jr Crusaders Bench 5th,5G,NE Elite,Court 1
Winter 2017,2/25/2017,10:00am,5G Elkhorn Elite Gold 5th,5G Marian Jr Crusaders Bench 5th,5G,NE Elite,Court 1
Winter 2017,2/4/2017,8:00am,5G Gretna Rose 5th,5G Marian Jr Crusaders Bench 5th,5G,NE Elite,Court 1
Winter 2017,1/21/2017,8:00am,5G Gretna Rose 5th,5G Millard West Black 5th,5G,NE Elite,Court 1
Winter 2017,1/28/2017,8:00am,5G Marian Jr Crusaders Bench 5th,5G Millard West Black 5th,5G,NE Elite,Court 1
Winter 2017,2/11/2017,10:00am,5G PLV South Titans Black 5th,5G Millard West Black 5th,5G,NE Elite,Court 1
Winter 2017,1/14/2017,9:00am,5G Gretna Rose 5th,5G PLV South Titans Black 5th,5G,NE Elite,Court 1
Winter 2017,1/28/2017,9:00am,5G Elkhorn Elite Gold 5th,5G PLV South Titans Black 5th,5G,NE Elite,Court 1
Winter 2017,1/7/2017,8:00am,5G Millard West Black 5th,5G PLV South Titans Black 5th,5G,NE Elite,Court 1
Winter 2017,2/11/2017,8:00am,5G Marian Jr Crusaders Bench 5th,5G PLV South Titans Black 5th,5G,NE Elite,Court 1
Winter 2017,1/7/2017,6:00pm,5SA Gretna Whyte 5th,5SA Bellevue Thunder 5th,5SA,ERMS,Court 1
Winter 2017,2/18/2017,5:00pm,5SA CB Pink Panthers 5th,5SA Bellevue Thunder 5th,5SA,ERMS,Court 1
Winter 2017,2/4/2017,6:00pm,5SA OSA Gold 5th,5SA Bellevue Thunder 5th,5SA,ERMS,Court 1
Winter 2017,1/21/2017,7:00pm,5SA Marian Jr Crusaders Helton 5th,5SA CB Pink Panthers 5th,5SA,ERMS,Court 1
Winter 2017,1/7/2017,5:00pm,5SA Lady Grizzlies Black 4th,5SA CB Pink Panthers 5th,5SA,ERMS,Court 1
Winter 2017,2/25/2017,6:00pm,5SA OSA Gold 5th,5SA CB Pink Panthers 5th,5SA,ERMS,Court 1
Winter 2017,2/4/2017,8:00pm,5SA Roncalli Lady Pride 1 4th,5SA CB Pink Panthers 5th,5SA,ERMS,Court 1
Winter 2017,2/11/2017,5:00pm,5SA CB Pink Panthers 5th,5SA Gretna Whyte 5th,5SA,ERMS,Court 1
Winter 2017,2/18/2017,8:00pm,5SA Lady Grizzlies Black 4th,5SA Gretna Whyte 5th,5SA,ERMS,Court 1
Winter 2017,2/25/2017,5:00pm,5SA Roncalli Lady Pride 1 4th,5SA Gretna Whyte 5th,5SA,ERMS,Court 1
Winter 2017,1/14/2017,7:00pm,5SA Gretna Whyte 5th,5SA Lady Grizzlies Black 4th,5SA,ERMS,Court 1
Winter 2017,1/14/2017,8:00pm,5SA Bellevue Thunder 5th,5SA Lady Grizzlies Black 4th,5SA,ERMS,Court 1
Winter 2017,2/11/2017,7:00pm,5SA Westside Black 5th,5SA Lady Grizzlies Black 4th,5SA,ERMS,Court 1
Winter 2017,2/11/2017,8:00pm,5SA OSA Gold 5th,5SA Lady Grizzlies Black 4th,5SA,ERMS,Court 1
Winter 2017,1/14/2017,6:00pm,5SA Bellevue Thunder 5th,5SA Marian Jr Crusaders Helton 5th,5SA,ERMS,Court 1
Winter 2017,1/7/2017,7:00pm,5SA Lady Grizzlies Black 4th,5SA Marian Jr Crusaders Helton 5th,5SA,ERMS,Court 1
Winter 2017,2/11/2017,6:00pm,5SA Gretna Whyte 5th,5SA Marian Jr Crusaders Helton 5th,5SA,ERMS,Court 1
Winter 2017,2/25/2017,7:00pm,5SA Westside Black 5th,5SA Marian Jr Crusaders Helton 5th,5SA,ERMS,Court 1
Winter 2017,2/18/2017,6:00pm,5SA Roncalli Lady Pride 1 4th,5SA OSA Gold 5th,5SA,ERMS,Court 1
Winter 2017,2/25/2017,8:00pm,5SA Westside Black 5th,5SA OSA Gold 5th,5SA,ERMS,Court 1
Winter 2017,2/4/2017,5:00pm,5SA Marian Jr Crusaders Helton 5th,5SA OSA Gold 5th,5SA,ERMS,Court 1
Winter 2017,1/14/2017,5:00pm,5SA OSA Gold 5th,5SA Roncalli Lady Pride 1 4th,5SA,ERMS,Court 1
Winter 2017,1/21/2017,5:00pm,5SA Marian Jr Crusaders Helton 5th,5SA Roncalli Lady Pride 1 4th,5SA,ERMS,Court 1
Winter 2017,1/21/2017,6:00pm,5SA Bellevue Thunder 5th,5SA Roncalli Lady Pride 1 4th,5SA,ERMS,Court 1
Winter 2017,2/4/2017,7:00pm,5SA Westside Black 5th,5SA Roncalli Lady Pride 1 4th,5SA,ERMS,Court 1
Winter 2017,1/21/2017,8:00pm,5SA Gretna Whyte 5th,5SA Westside Black 5th,5SA,ERMS,Court 1
Winter 2017,1/7/2017,8:00pm,5SA CB Pink Panthers 5th,5SA Westside Black 5th,5SA,ERMS,Court 1
Winter 2017,2/18/2017,7:00pm,5SA Bellevue Thunder 5th,5SA Westside Black 5th,5SA,ERMS,Court 1
Winter 2017,1/7/2017,7:00pm,5SB Elkhorn Elite Red 5th,5SB Bennington Badgers Urbanec 5th,5SB,ERMS,Court 2
Winter 2017,2/11/2017,6:00pm,5SB Wahoo Cavalry 5th,5SB Bennington Badgers Urbanec 5th,5SB,ERMS,Court 2
Winter 2017,2/4/2017,6:00pm,5SB Millard West Black 5th,5SB Bennington Badgers Urbanec 5th,5SB,ERMS,Court 2
Winter 2017,1/14/2017,6:00pm,5SB Waverly Vikings 5th,5SB Elkhorn Elite Red 5th,5SB,ERMS,Court 2
Winter 2017,2/25/2017,8:00pm,5SB Millard North Severson 5th,5SB Elkhorn Elite Red 5th,5SB,ERMS,Court 2
Winter 2017,2/4/2017,8:00pm,5SB PLV Monarchs 5th,5SB Elkhorn Elite Red 5th,5SB,ERMS,Court 2
Winter 2017,1/21/2017,8:00pm,5SB Elkhorn Elite Red 5th,5SB Lady Grizzlies Black 5th,5SB,ERMS,Court 2
Winter 2017,1/7/2017,5:00pm,5SB Bennington Badgers Urbanec 5th,5SB Lady Grizzlies Black 5th,5SB,ERMS,Court 2
Winter 2017,2/11/2017,8:00pm,5SB PLV Monarchs 5th,5SB Lady Grizzlies Black 5th,5SB,ERMS,Court 2
Winter 2017,2/25/2017,5:00pm,5SB Millard West Black 5th,5SB Lady Grizzlies Black 5th,5SB,ERMS,Court 2
Winter 2017,1/14/2017,7:00pm,5SB Lady Grizzlies Black 5th,5SB Millard North Severson 5th,5SB,ERMS,Court 2
Winter 2017,2/11/2017,7:00pm,5SB Bennington Badgers Urbanec 5th,5SB Millard North Severson 5th,5SB,ERMS,Court 2
Winter 2017,2/25/2017,6:00pm,5SB PLV Monarchs 5th,5SB Millard North Severson 5th,5SB,ERMS,Court 2
Winter 2017,2/4/2017,7:00pm,5SB Wahoo Cavalry 5th,5SB Millard North Severson 5th,5SB,ERMS,Court 2
Winter 2017,1/21/2017,6:00pm,5SB Waverly Vikings 5th,5SB Millard West Black 5th,5SB,ERMS,Court 2
Winter 2017,1/7/2017,6:00pm,5SB Millard North Severson 5th,5SB Millard West Black 5th,5SB,ERMS,Court 2
Winter 2017,2/11/2017,5:00pm,5SB Elkhorn Elite Red 5th,5SB Millard West Black 5th,5SB,ERMS,Court 2
Winter 2017,1/21/2017,7:00pm,5SB Bennington Badgers Urbanec 5th,5SB PLV Monarchs 5th,5SB,ERMS,Court 2
Winter 2017,1/7/2017,8:00pm,5SB Wahoo Cavalry 5th,5SB PLV Monarchs 5th,5SB,ERMS,Court 2
Winter 2017,2/18/2017,7:00pm,5SB Millard West Black 5th,5SB PLV Monarchs 5th,5SB,ERMS,Court 2
Winter 2017,1/14/2017,8:00pm,5SB Millard West Black 5th,5SB Wahoo Cavalry 5th,5SB,ERMS,Court 2
Winter 2017,2/18/2017,6:00pm,5SB Waverly Vikings 5th,5SB Wahoo Cavalry 5th,5SB,ERMS,Court 2
Winter 2017,2/25/2017,7:00pm,5SB Elkhorn Elite Red 5th,5SB Wahoo Cavalry 5th,5SB,ERMS,Court 2
Winter 2017,2/4/2017,5:00pm,5SB Lady Grizzlies Black 5th,5SB Wahoo Cavalry 5th,5SB,ERMS,Court 2
Winter 2017,1/14/2017,5:00pm,5SB PLV Monarchs 5th,5SB Waverly Vikings 5th,5SB,ERMS,Court 2
Winter 2017,1/21/2017,5:00pm,5SB Millard North Severson 5th,5SB Waverly Vikings 5th,5SB,ERMS,Court 2
Winter 2017,2/18/2017,5:00pm,5SB Bennington Badgers Urbanec 5th,5SB Waverly Vikings 5th,5SB,ERMS,Court 2
Winter 2017,2/18/2017,8:00pm,5SB Lady Grizzlies Black 5th,5SB Waverly Vikings 5th,5SB,ERMS,Court 2
Winter 2017,1/21/2017,1:00pm,6BA DC West Swish 23 6th,6BA AL Jr Lynx 6th,6BA,ERMS,Court 2
Winter 2017,1/7/2017,2:00pm,6BA Yutan Chieftans 6th,6BA AL Jr Lynx 6th,6BA,ERMS,Court 2
Winter 2017,2/18/2017,3:00pm,6BA Elkhorn Elite White 6th,6BA AL Jr Lynx 6th,6BA,ERMS,Court 2
Winter 2017,2/18/2017,1:00pm,6BA Elkhorn Elite White 6th,6BA DC West Swish 23 6th,6BA,ERMS,Court 2
Winter 2017,2/18/2017,2:00pm,6BA Yutan Chieftans 6th,6BA DC West Swish 23 6th,6BA,ERMS,Court 2
Winter 2017,2/25/2017,2:00pm,6BA Legacy 6th,6BA DC West Swish 23 6th,6BA,ERMS,Court 2
Winter 2017,1/21/2017,4:00pm,6BA Elkhorn Elite White 6th,6BA Elkhorn Elite Blue 6th,6BA,ERMS,Court 2
Winter 2017,1/7/2017,1:00pm,6BA DC West Swish 23 6th,6BA Elkhorn Elite Blue 6th,6BA,ERMS,Court 2
Winter 2017,2/11/2017,4:00pm,6BA Legacy 6th,6BA Elkhorn Elite Blue 6th,6BA,ERMS,Court 2
Winter 2017,2/25/2017,1:00pm,6BA AL Jr Lynx 6th,6BA Elkhorn Elite Blue 6th,6BA,ERMS,Court 2
Winter 2017,1/14/2017,2:00pm,6BA Platteview Jr Trojans Red 6th,6BA Elkhorn Elite White 6th,6BA,ERMS,Court 2
Winter 2017,1/14/2017,4:00pm,6BA Legacy 6th,6BA Elkhorn Elite White 6th,6BA,ERMS,Court 2
Winter 2017,1/21/2017,2:00pm,6BA Marian Jr Crusaders Pick 6th,6BA Elkhorn Elite White 6th,6BA,ERMS,Court 2
Winter 2017,1/7/2017,4:00pm,6BA Marian Jr Crusaders Pick 6th,6BA Legacy 6th,6BA,ERMS,Court 2
Winter 2017,2/4/2017,2:00pm,6BA AL Jr Lynx 6th,6BA Legacy 6th,6BA,ERMS,Court 2
Winter 2017,2/4/2017,3:00pm,6BA Platteview Jr Trojans Red 6th,6BA Legacy 6th,6BA,ERMS,Court 2
Winter 2017,1/14/2017,3:00pm,6BA AL Jr Lynx 6th,6BA Marian Jr Crusaders Pick 6th,6BA,ERMS,Court 2
Winter 2017,2/11/2017,2:00pm,6BA Elkhorn Elite Blue 6th,6BA Marian Jr Crusaders Pick 6th,6BA,ERMS,Court 2
Winter 2017,2/11/2017,3:00pm,6BA DC West Swish 23 6th,6BA Marian Jr Crusaders Pick 6th,6BA,ERMS,Court 2
Winter 2017,2/4/2017,4:00pm,6BA Platteview Jr Trojans Red 6th,6BA Marian Jr Crusaders Pick 6th,6BA,ERMS,Court 2
Winter 2017,1/14/2017,1:00pm,6BA Elkhorn Elite Blue 6th,6BA Platteview Jr Trojans Red 6th,6BA,ERMS,Court 2
Winter 2017,1/21/2017,3:00pm,6BA Yutan Chieftans 6th,6BA Platteview Jr Trojans Red 6th,6BA,ERMS,Court 2
Winter 2017,2/11/2017,1:00pm,6BA DC West Swish 23 6th,6BA Platteview Jr Trojans Red 6th,6BA,ERMS,Court 2
Winter 2017,2/25/2017,3:00pm,6BA AL Jr Lynx 6th,6BA Platteview Jr Trojans Red 6th,6BA,ERMS,Court 2
Winter 2017,1/7/2017,3:00pm,6BA Elkhorn Elite White 6th,6BA Yutan Chieftans 6th,6BA,ERMS,Court 2
Winter 2017,2/18/2017,4:00pm,6BA Marian Jr Crusaders Pick 6th,6BA Yutan Chieftans 6th,6BA,ERMS,Court 2
Winter 2017,2/25/2017,4:00pm,6BA Legacy 6th,6BA Yutan Chieftans 6th,6BA,ERMS,Court 2
Winter 2017,2/4/2017,1:00pm,6BA Elkhorn Elite Blue 6th,6BA Yutan Chieftans 6th,6BA,ERMS,Court 2
Winter 2017,1/21/2017,1:00pm,6BB Millard West Grey 6th,6BB  Bennington Badgers Ossenkop 6th,6BB,ERMS,Court 1
Winter 2017,1/7/2017,4:00pm,6BB Elkhorn Elite Black 6th,6BB  Bennington Badgers Ossenkop 6th,6BB,ERMS,Court 1
Winter 2017,2/18/2017,2:00pm,6BB Gretna Martin 6th,6BB  Bennington Badgers Ossenkop 6th,6BB,ERMS,Court 1
Winter 2017,1/14/2017,4:00pm,6BB Millard West Grey 6th,6BB Arlington 6th,6BB,ERMS,Court 1
Winter 2017,1/21/2017,3:00pm,6BB Elkhorn Elite Black 6th,6BB Arlington 6th,6BB,ERMS,Court 1
Winter 2017,1/7/2017,3:00pm,6BB Fremont Elite Hilgenkamp 5th/6th,6BB Arlington 6th,6BB,ERMS,Court 1
Winter 2017,2/11/2017,2:00pm,6BB  Bennington Badgers Ossenkop 6th,6BB Arlington 6th,6BB,ERMS,Court 1
Winter 2017,1/21/2017,2:00pm,6BB Elkhorn Elite Scarlet 6th,6BB Blair White 6th,6BB,ERMS,Court 1
Winter 2017,1/7/2017,12:00pm,6BB Millard West Grey 6th,6BB Blair White 6th,6BB,ERMS,Court 1
Winter 2017,2/18/2017,3:00pm,6BB Gretna Martin 6th,6BB Blair White 6th,6BB,ERMS,Court 1
Winter 2017,2/4/2017,1:00pm,6BB  Bennington Badgers Ossenkop 6th,6BB Blair White 6th,6BB,ERMS,Court 1
Winter 2017,1/7/2017,2:00pm,6BB Gretna Martin 6th,6BB Elkhorn Elite Black 6th,6BB,ERMS,Court 1
Winter 2017,2/11/2017,1:00pm,6BB Blair White 6th,6BB Elkhorn Elite Black 6th,6BB,ERMS,Court 1
Winter 2017,2/18/2017,12:00pm,6BB Westside Red 6th,6BB Elkhorn Elite Black 6th,6BB,ERMS,Court 1
Winter 2017,2/25/2017,2:00pm,6BB Fremont Elite Hilgenkamp 5th/6th,6BB Elkhorn Elite Black 6th,6BB,ERMS,Court 1
Winter 2017,1/7/2017,1:00pm,6BB Westside Red 6th,6BB Elkhorn Elite Scarlet 6th,6BB,ERMS,Court 1
Winter 2017,2/11/2017,4:00pm,6BB Arlington 6th,6BB Elkhorn Elite Scarlet 6th,6BB,ERMS,Court 1
Winter 2017,2/18/2017,4:00pm,6BB  Bennington Badgers Ossenkop 6th,6BB Elkhorn Elite Scarlet 6th,6BB,ERMS,Court 1
Winter 2017,1/14/2017,3:00pm,6BB Blair White 6th,6BB Fremont Elite Hilgenkamp 5th/6th,6BB,ERMS,Court 1
Winter 2017,1/21/2017,12:00pm,6BB Shooting Stars 6th,6BB Fremont Elite Hilgenkamp 5th/6th,6BB,ERMS,Court 1
Winter 2017,2/25/2017,12:00pm,6BB Elkhorn Elite Scarlet 6th,6BB Fremont Elite Hilgenkamp 5th/6th,6BB,ERMS,Court 1
Winter 2017,2/4/2017,3:00pm,6BB Westside Red 6th,6BB Fremont Elite Hilgenkamp 5th/6th,6BB,ERMS,Court 1
Winter 2017,1/14/2017,12:00pm,6BB Shooting Stars 6th,6BB Gretna Martin 6th,6BB,ERMS,Court 1
Winter 2017,1/21/2017,4:00pm,6BB Westside Red 6th,6BB Gretna Martin 6th,6BB,ERMS,Court 1
Winter 2017,2/4/2017,2:00pm,6BB Elkhorn Elite Scarlet 6th,6BB Gretna Martin 6th,6BB,ERMS,Court 1
Winter 2017,2/11/2017,3:00pm,6BB Fremont Elite Hilgenkamp 5th/6th,6BB Millard West Grey 6th,6BB,ERMS,Court 1
Winter 2017,2/25/2017,1:00pm,6BB Gretna Martin 6th,6BB Millard West Grey 6th,6BB,ERMS,Court 1
Winter 2017,2/4/2017,12:00pm,6BB Elkhorn Elite Scarlet 6th,6BB Millard West Grey 6th,6BB,ERMS,Court 1
Winter 2017,1/14/2017,2:00pm,6BB Arlington 6th,6BB Shooting Stars 6th,6BB,ERMS,Court 1
Winter 2017,2/18/2017,1:00pm,6BB Millard West Grey 6th,6BB Shooting Stars 6th,6BB,ERMS,Court 1
Winter 2017,2/25/2017,4:00pm,6BB Blair White 6th,6BB Shooting Stars 6th,6BB,ERMS,Court 1
Winter 2017,2/4/2017,4:00pm,6BB Elkhorn Elite Black 6th,6BB Shooting Stars 6th,6BB,ERMS,Court 1
Winter 2017,1/14/2017,1:00pm,6BB  Bennington Badgers Ossenkop 6th,6BB Westside Red 6th,6BB,ERMS,Court 1
Winter 2017,2/11/2017,12:00pm,6BB Shooting Stars 6th,6BB Westside Red 6th,6BB,ERMS,Court 1
Winter 2017,2/25/2017,3:00pm,6BB Arlington 6th,6BB Westside Red 6th,6BB,ERMS,Court 1
Winter 2017,1/29/2017,5:00pm,6G Marian Jr Crusaders Behrens 6th,6G Bennington Badgers Gansebom 6th,6G,NE Elite,Court 1
Winter 2017,2/12/2017,5:00pm,6G Lady Grizzlies Black 6th,6G Bennington Badgers Gansebom 6th,6G,NE Elite,Court 1
Winter 2017,2/5/2017,5:00pm,6G Millard West Green 6th,6G Bennington Badgers Gansebom 6th,6G,NE Elite,Court 1
Winter 2017,1/22/2017,3:00pm,6G Bennington Badgers Gansebom 6th,6G Fremont Elite Prince 5th/6th,6G,NE Elite,Court 1
Winter 2017,1/22/2017,5:00pm,6G Waverly Vikings 6th,6G Fremont Elite Prince 5th/6th,6G,NE Elite,Court 1
Winter 2017,1/29/2017,4:00pm,6G Lady Grizzlies Black 6th,6G Fremont Elite Prince 5th/6th,6G,NE Elite,Court 1
Winter 2017,2/5/2017,4:00pm,6G Marian Jr Crusaders Behrens 6th,6G Fremont Elite Prince 5th/6th,6G,NE Elite,Court 1
Winter 2017,1/15/2017,4:00pm,6G Bennington Badgers Gansebom 6th,6G Lady Grizzlies Black 6th,6G,NE Elite,Court 1
Winter 2017,1/8/2017,3:00pm,6G Fremont Elite Prince 5th/6th,6G Lady Grizzlies Black 6th,6G,NE Elite,Court 1
Winter 2017,2/26/2017,4:00pm,6G Waverly Vikings 6th,6G Lady Grizzlies Black 6th,6G,NE Elite,Court 1
Winter 2017,1/15/2017,3:00pm,6G Bennington Badgers Gansebom 6th,6G Marian Jr Crusaders Behrens 6th,6G,NE Elite,Court 1
Winter 2017,1/29/2017,3:00pm,6G Lady Grizzlies Black 6th,6G Marian Jr Crusaders Behrens 6th,6G,NE Elite,Court 1
Winter 2017,2/12/2017,4:00pm,6G Waverly Vikings 6th,6G Marian Jr Crusaders Behrens 6th,6G,NE Elite,Court 1
Winter 2017,2/26/2017,3:00pm,6G Millard West Green 6th,6G Marian Jr Crusaders Behrens 6th,6G,NE Elite,Court 1
Winter 2017,1/15/2017,5:00pm,6G Fremont Elite Prince 5th/6th,6G Millard West Green 6th,6G,NE Elite,Court 1
Winter 2017,1/22/2017,4:00pm,6G Waverly Vikings 6th,6G Millard West Green 6th,6G,NE Elite,Court 1
Winter 2017,1/8/2017,4:00pm,6G Marian Jr Crusaders Behrens 6th,6G Millard West Green 6th,6G,NE Elite,Court 1
Winter 2017,2/5/2017,3:00pm,6G Lady Grizzlies Black 6th,6G Millard West Green 6th,6G,NE Elite,Court 1
Winter 2017,1/8/2017,5:00pm,6G Fremont Elite Prince 5th/6th,6G Waverly Vikings 6th,6G,NE Elite,Court 1
Winter 2017,2/12/2017,3:00pm,6G Bennington Badgers Gansebom 6th,6G Waverly Vikings 6th,6G,NE Elite,Court 1
Winter 2017,2/26/2017,5:00pm,6G Millard West Green 6th,6G Waverly Vikings 6th,6G,NE Elite,Court 1
Winter 2017,1/14/2017,10:00am,6SA Elkhorn Elite Red 6th,6SA Bellevue Thunder 6th,6SA,ERMS,Court 1
Winter 2017,1/7/2017,9:00am,6SA Crush 5th,6SA Bellevue Thunder 6th,6SA,ERMS,Court 1
Winter 2017,2/4/2017,11:00am,6SA PLV South Titans Blue 6th,6SA Bellevue Thunder 6th,6SA,ERMS,Court 1
Winter 2017,1/21/2017,8:00am,6SA Millard North Silver 6th,6SA Crush 5th,6SA,ERMS,Court 1
Winter 2017,1/7/2017,8:00am,6SA Marian Jr Cursaders Long 6th,6SA Crush 5th,6SA,ERMS,Court 1
Winter 2017,2/25/2017,9:00am,6SA Elkhorn Elite Red 6th,6SA Crush 5th,6SA,ERMS,Court 1
Winter 2017,1/7/2017,10:00am,6SA Millard North Silver 6th,6SA Elkhorn Elite Red 6th,6SA,ERMS,Court 1
Winter 2017,2/18/2017,8:00am,6SA Marian Jr Cursaders Long 6th,6SA Elkhorn Elite Red 6th,6SA,ERMS,Court 1
Winter 2017,2/4/2017,8:00am,6SA Lady Grizzlies Orange 6th,6SA Elkhorn Elite Red 6th,6SA,ERMS,Court 1
Winter 2017,1/7/2017,11:00am,6SA PLV South Titans Blue 6th,6SA Lady Grizzlies Orange 6th,6SA,ERMS,Court 1
Winter 2017,2/18/2017,9:00am,6SA Bellevue Thunder 6th,6SA Lady Grizzlies Orange 6th,6SA,ERMS,Court 1
Winter 2017,2/4/2017,9:00am,6SA Crush 5th,6SA Lady Grizzlies Orange 6th,6SA,ERMS,Court 1
Winter 2017,1/14/2017,8:00am,6SA Millard South 6th,6SA Marian Jr Cursaders Long 6th,6SA,ERMS,Court 1
Winter 2017,1/21/2017,11:00am,6SA PLV South Titans Blue 6th,6SA Marian Jr Cursaders Long 6th,6SA,ERMS,Court 1
Winter 2017,2/25/2017,8:00am,6SA Lady Grizzlies Orange 6th,6SA Marian Jr Cursaders Long 6th,6SA,ERMS,Court 1
Winter 2017,2/4/2017,10:00am,6SA Bellevue Thunder 6th,6SA Marian Jr Cursaders Long 6th,6SA,ERMS,Court 1
Winter 2017,1/14/2017,11:00am,6SA Lady Grizzlies Orange 6th,6SA Millard North Silver 6th,6SA,ERMS,Court 1
Winter 2017,2/11/2017,8:00am,6SA Marian Jr Cursaders Long 6th,6SA Millard North Silver 6th,6SA,ERMS,Court 1
Winter 2017,2/18/2017,11:00am,6SA Bellevue Thunder 6th,6SA Millard North Silver 6th,6SA,ERMS,Court 1
Winter 2017,2/25/2017,10:00am,6SA Millard South 6th,6SA Millard North Silver 6th,6SA,ERMS,Court 1
Winter 2017,1/21/2017,10:00am,6SA Elkhorn Elite Red 6th,6SA Millard South 6th,6SA,ERMS,Court 1
Winter 2017,1/21/2017,9:00am,6SA Bellevue Thunder 6th,6SA Millard South 6th,6SA,ERMS,Court 1
Winter 2017,2/11/2017,10:00am,6SA Crush 5th,6SA Millard South 6th,6SA,ERMS,Court 1
Winter 2017,2/11/2017,11:00am,6SA Lady Grizzlies Orange 6th,6SA Millard South 6th,6SA,ERMS,Court 1
Winter 2017,1/14/2017,9:00am,6SA Crush 5th,6SA PLV South Titans Blue 6th,6SA,ERMS,Court 1
Winter 2017,2/11/2017,9:00am,6SA Millard North Silver 6th,6SA PLV South Titans Blue 6th,6SA,ERMS,Court 1
Winter 2017,2/18/2017,10:00am,6SA Millard South 6th,6SA PLV South Titans Blue 6th,6SA,ERMS,Court 1
Winter 2017,2/25/2017,11:00am,6SA Elkhorn Elite Red 6th,6SA PLV South Titans Blue 6th,6SA,ERMS,Court 1
Winter 2017,1/14/2017,12:00pm,6SB Thunder 6th,6SB 51ers 6th,6SB,ERMS,Court 2
Winter 2017,2/11/2017,8:00am,6SB OSA Gold 6th,6SB 51ers 6th,6SB,ERMS,Court 2
Winter 2017,2/18/2017,12:00pm,6SB Millard West White 6th,6SB 51ers 6th,6SB,ERMS,Court 2
Winter 2017,1/7/2017,9:00am,6SB Thunder 6th,6SB Bennington Badgers Dick 6th,6SB,ERMS,Court 2
Winter 2017,2/18/2017,8:00am,6SB OSA Gold 6th,6SB Bennington Badgers Dick 6th,6SB,ERMS,Court 2
Winter 2017,2/4/2017,9:00am,6SB 51ers 6th,6SB Bennington Badgers Dick 6th,6SB,ERMS,Court 2
Winter 2017,1/14/2017,11:00am,6SB Bennington Badgers Dick 6th,6SB Blair Purple 6th,6SB,ERMS,Court 2
Winter 2017,2/18/2017,10:00am,6SB Elkhorn Elite Red 6th,6SB Blair Purple 6th,6SB,ERMS,Court 2
Winter 2017,2/4/2017,12:00pm,6SB Westside Black 6th,6SB Blair Purple 6th,6SB,ERMS,Court 2
Winter 2017,1/21/2017,8:00am,6SB Millard West White 6th,6SB Elkhorn Elite Red 6th,6SB,ERMS,Court 2
Winter 2017,1/7/2017,8:00am,6SB Gretna Kastens 6th,6SB Elkhorn Elite Red 6th,6SB,ERMS,Court 2
Winter 2017,2/25/2017,8:00am,6SB Bennington Badgers Dick 6th,6SB Elkhorn Elite Red 6th,6SB,ERMS,Court 2
Winter 2017,2/4/2017,11:00am,6SB 51ers 6th,6SB Elkhorn Elite Red 6th,6SB,ERMS,Court 2
Winter 2017,1/21/2017,9:00am,6SB Bennington Badgers Dick 6th,6SB Gretna Kastens 6th,6SB,ERMS,Court 2
Winter 2017,1/7/2017,10:00am,6SB Blair Purple 6th,6SB Gretna Kastens 6th,6SB,ERMS,Court 2
Winter 2017,2/11/2017,12:00pm,6SB Thunder 6th,6SB Gretna Kastens 6th,6SB,ERMS,Court 2
Winter 2017,2/25/2017,11:00am,6SB Westside Black 6th,6SB Gretna Kastens 6th,6SB,ERMS,Court 2
Winter 2017,1/14/2017,10:00am,6SB OSA Gold 6th,6SB Millard West White 6th,6SB,ERMS,Court 2
Winter 2017,2/11/2017,11:00am,6SB Wahoo Cavalry 6th,6SB Millard West White 6th,6SB,ERMS,Court 2
Winter 2017,2/25/2017,9:00am,6SB Blair Purple 6th,6SB Millard West White 6th,6SB,ERMS,Court 2
Winter 2017,2/4/2017,8:00am,6SB Gretna Kastens 6th,6SB Millard West White 6th,6SB,ERMS,Court 2
Winter 2017,1/14/2017,8:00am,6SB Elkhorn Elite Red 6th,6SB OSA Gold 6th,6SB,ERMS,Court 2
Winter 2017,2/11/2017,9:00am,6SB Blair Purple 6th,6SB OSA Gold 6th,6SB,ERMS,Court 2
Winter 2017,2/25/2017,10:00am,6SB Thunder 6th,6SB OSA Gold 6th,6SB,ERMS,Court 2
Winter 2017,2/25/2017,12:00pm,6SB Wahoo Cavalry 6th,6SB OSA Gold 6th,6SB,ERMS,Court 2
Winter 2017,1/21/2017,11:00am,6SB Blair Purple 6th,6SB Thunder 6th,6SB,ERMS,Court 2
Winter 2017,1/7/2017,11:00am,6SB Wahoo Cavalry 6th,6SB Thunder 6th,6SB,ERMS,Court 2
Winter 2017,2/11/2017,10:00am,6SB Westside Black 6th,6SB Thunder 6th,6SB,ERMS,Court 2
Winter 2017,1/14/2017,9:00am,6SB Westside Black 6th,6SB Wahoo Cavalry 6th,6SB,ERMS,Court 2
Winter 2017,1/21/2017,12:00pm,6SB 51ers 6th,6SB Wahoo Cavalry 6th,6SB,ERMS,Court 2
Winter 2017,2/18/2017,11:00am,6SB Gretna Kastens 6th,6SB Wahoo Cavalry 6th,6SB,ERMS,Court 2
Winter 2017,2/4/2017,10:00am,6SB Elkhorn Elite Red 6th,6SB Wahoo Cavalry 6th,6SB,ERMS,Court 2
Winter 2017,1/21/2017,10:00am,6SB Millard West White 6th,6SB Westside Black 6th,6SB,ERMS,Court 2
Winter 2017,1/7/2017,12:00pm,6SB 51ers 6th,6SB Westside Black 6th,6SB,ERMS,Court 2
Winter 2017,2/18/2017,9:00am,6SB Bennington Badgers Dick 6th,6SB Westside Black 6th,6SB,ERMS,Court 2
Winter 2017,1/15/2017,10:00am,7B Millard North Blue 7th,7B Bellevue Ice White 7th,7B,ERMS,Court 1
Winter 2017,2/19/2017,10:00am,7B Skutt Green 7th,7B Bellevue Ice White 7th,7B,ERMS,Court 2
Winter 2017,2/26/2017,9:00am,7B OSA White 7th,7B Bellevue Ice White 7th,7B,ERMS,Court 2
Winter 2017,2/5/2017,11:00am,7B Lincoln Ambassadors Blue 7th,7B Bellevue Ice White 7th,7B,ERMS,Court 2
Winter 2017,1/22/2017,9:00am,7B Gretna Martin 7th,7B Elkhorn Elite Blue 7th,7B,ERMS,Court 1
Winter 2017,1/8/2017,9:00am,7B Bellevue Ice White 7th,7B Elkhorn Elite Blue 7th,7B,ERMS,Court 2
Winter 2017,2/12/2017,9:00am,7B Trailblazers 6th/7th,7B Elkhorn Elite Blue 7th,7B,ERMS,Court 2
Winter 2017,1/15/2017,11:00am,7B Fury 7th,7B Elkhorn Elite White 7th,7B,ERMS,Court 1
Winter 2017,2/12/2017,10:00am,7B Bellevue Ice White 7th,7B Elkhorn Elite White 7th,7B,ERMS,Court 2
Winter 2017,2/26/2017,11:00am,7B Gretna Martin 7th,7B Elkhorn Elite White 7th,7B,ERMS,Court 1
Winter 2017,2/5/2017,9:00am,7B Skutt Green 7th,7B Elkhorn Elite White 7th,7B,ERMS,Court 2
Winter 2017,1/22/2017,10:00am,7B Bellevue Ice White 7th,7B Fury 7th,7B,ERMS,Court 1
Winter 2017,1/8/2017,10:00am,7B Lincoln Ambassadors Blue 7th,7B Fury 7th,7B,ERMS,Court 1
Winter 2017,2/26/2017,10:00am,7B Trailblazers 6th/7th,7B Fury 7th,7B,ERMS,Court 1
Winter 2017,1/15/2017,9:00am,7B Marnian Jr Crusaders Schinco 7th,7B Gretna Martin 7th,7B,ERMS,Court 1
Winter 2017,2/12/2017,11:00am,7B Lincoln Ambassadors Blue 7th,7B Gretna Martin 7th,7B,ERMS,Court 1
Winter 2017,2/19/2017,9:00am,7B Fury 7th,7B Gretna Martin 7th,7B,ERMS,Court 1
Winter 2017,2/5/2017,10:00am,7B Millard North Blue 7th,7B Gretna Martin 7th,7B,ERMS,Court 2
Winter 2017,1/22/2017,10:00am,7B Elkhorn Elite White 7th,7B Lincoln Ambassadors Blue 7th,7B,ERMS,Court 2
Winter 2017,1/22/2017,11:00am,7B Millard West Green 7th,7B Lincoln Ambassadors Blue 7th,7B,ERMS,Court 2
Winter 2017,1/22/2017,9:00am,7B Millard West Green 7th,7B Marnian Jr Crusaders Schinco 7th,7B,ERMS,Court 2
Winter 2017,2/19/2017,9:00am,7B Elkhorn Elite Blue 7th,7B Marnian Jr Crusaders Schinco 7th,7B,ERMS,Court 2
Winter 2017,1/8/2017,10:00am,7B Elkhorn Elite White 7th,7B Millard North Blue 7th,7B,ERMS,Court 2
Winter 2017,2/12/2017,9:00am,7B Millard West Green 7th,7B Millard North Blue 7th,7B,ERMS,Court 1
Winter 2017,2/26/2017,10:00am,7B OSA White 7th,7B Millard North Blue 7th,7B,ERMS,Court 2
Winter 2017,2/26/2017,11:00am,7B Marnian Jr Crusaders Schinco 7th,7B Millard North Blue 7th,7B,ERMS,Court 2
Winter 2017,1/15/2017,9:00am,7B Elkhorn Elite Blue 7th,7B Millard West Green 7th,7B,ERMS,Court 2
Winter 2017,2/5/2017,11:00am,7B Trailblazers 6th/7th,7B Millard West Green 7th,7B,ERMS,Court 1
Winter 2017,2/5/2017,9:00am,7B Fury 7th,7B Millard West Green 7th,7B,ERMS,Court 1
Winter 2017,1/15/2017,10:00am,7B Elkhorn Elite Blue 7th,7B OSA White 7th,7B,ERMS,Court 2
Winter 2017,1/15/2017,11:00am,7B Marnian Jr Crusaders Schinco 7th,7B OSA White 7th,7B,ERMS,Court 2
Winter 2017,2/12/2017,10:00am,7B Lincoln Ambassadors Blue 7th,7B OSA White 7th,7B,ERMS,Court 1
Winter 2017,2/19/2017,10:00am,7B Fury 7th,7B OSA White 7th,7B,ERMS,Court 1
Winter 2017,2/19/2017,11:00am,7B Elkhorn Elite White 7th,7B OSA White 7th,7B,ERMS,Court 1
Winter 2017,1/22/2017,11:00am,7B Trailblazers 6th/7th,7B Skutt Green 7th,7B,ERMS,Court 1
Winter 2017,1/8/2017,11:00am,7B Lincoln Ambassadors Blue 7th,7B Skutt Green 7th,7B,ERMS,Court 1
Winter 2017,1/8/2017,9:00am,7B Millard West Green 7th,7B Skutt Green 7th,7B,ERMS,Court 1
Winter 2017,2/12/2017,11:00am,7B Marnian Jr Crusaders Schinco 7th,7B Skutt Green 7th,7B,ERMS,Court 2
Winter 2017,2/26/2017,9:00am,7B Elkhorn Elite Blue 7th,7B Skutt Green 7th,7B,ERMS,Court 1
Winter 2017,1/8/2017,11:00am,7B Gretna Martin 7th,7B Trailblazers 6th/7th,7B,ERMS,Court 2
Winter 2017,2/19/2017,11:00am,7B Millard North Blue 7th,7B Trailblazers 6th/7th,7B,ERMS,Court 2
Winter 2017,2/5/2017,10:00am,7B Marnian Jr Crusaders Schinco 7th,7B Trailblazers 6th/7th,7B,ERMS,Court 1
Winter 2017,1/15/2017,12:00pm,7S Skutt Black 7th,7S Bellevue Ice Purple 7th,7S,ERMS,Court 1
Winter 2017,1/15/2017,2:00pm,7S Millard North Silver 7th,7S Bellevue Ice Purple 7th,7S,ERMS,Court 1
Winter 2017,2/19/2017,12:00pm,7S Fremont Elite Kinning 7th,7S Bellevue Ice Purple 7th,7S,ERMS,Court 1
Winter 2017,1/22/2017,2:00pm,7S Millard North Silver 7th,7S Council Bluffs LC Titans 7th,7S,ERMS,Court 1
Winter 2017,1/8/2017,2:00pm,7S Bellevue Ice Purple 7th,7S Council Bluffs LC Titans 7th,7S,ERMS,Court 1
Winter 2017,2/19/2017,1:00pm,7S Skutt Black 7th,7S Council Bluffs LC Titans 7th,7S,ERMS,Court 1
Winter 2017,1/15/2017,4:00pm,7S OSA Black 7th,7S Elkhorn Elite Red 7th,7S,ERMS,Court 1
Winter 2017,2/12/2017,4:00pm,7S Lady Warriors 7th,7S Elkhorn Elite Red 7th,7S,ERMS,Court 1
Winter 2017,2/5/2017,2:00pm,7S Bellevue Ice Purple 7th,7S Elkhorn Elite Red 7th,7S,ERMS,Court 1
Winter 2017,1/8/2017,3:00pm,7S Millard North Silver 7th,7S Fremont Elite Kinning 7th,7S,ERMS,Court 1
Winter 2017,2/12/2017,3:00pm,7S Elkhorn Elite Red 7th,7S Fremont Elite Kinning 7th,7S,ERMS,Court 1
Winter 2017,2/26/2017,1:00pm,7S Millard South 7th,7S Fremont Elite Kinning 7th,7S,ERMS,Court 1
Winter 2017,2/5/2017,3:00pm,7S Lady Warriors 7th,7S Fremont Elite Kinning 7th,7S,ERMS,Court 1
Winter 2017,1/8/2017,1:00pm,7S Wahoo Cavalry 7th,7S Lady Warriors 7th,7S,ERMS,Court 1
Winter 2017,2/19/2017,2:00pm,7S Council Bluffs LC Titans 7th,7S Lady Warriors 7th,7S,ERMS,Court 1
Winter 2017,2/19/2017,3:00pm,7S Skutt Black 7th,7S Lady Warriors 7th,7S,ERMS,Court 1
Winter 2017,2/26/2017,3:00pm,7S Millard South 7th,7S Lady Warriors 7th,7S,ERMS,Court 1
Winter 2017,1/22/2017,3:00pm,7S Elkhorn Elite Red 7th,7S Millard North Silver 7th,7S,ERMS,Court 1
Winter 2017,2/12/2017,2:00pm,7S Millard South 7th,7S Millard North Silver 7th,7S,ERMS,Court 1
Winter 2017,2/26/2017,12:00pm,7S Skutt Black 7th,7S Millard North Silver 7th,7S,ERMS,Court 1
Winter 2017,2/26/2017,2:00pm,7S OSA Black 7th,7S Millard North Silver 7th,7S,ERMS,Court 1
Winter 2017,1/22/2017,4:00pm,7S Council Bluffs LC Titans 7th,7S Millard South 7th,7S,ERMS,Court 1
Winter 2017,2/12/2017,12:00pm,7S Wahoo Cavalry 7th,7S Millard South 7th,7S,ERMS,Court 1
Winter 2017,2/19/2017,4:00pm,7S OSA Black 7th,7S Millard South 7th,7S,ERMS,Court 1
Winter 2017,1/15/2017,3:00pm,7S Fremont Elite Kinning 7th,7S OSA Black 7th,7S,ERMS,Court 1
Winter 2017,1/8/2017,4:00pm,7S Lady Warriors 7th,7S OSA Black 7th,7S,ERMS,Court 1
Winter 2017,2/12/2017,1:00pm,7S Bellevue Ice Purple 7th,7S OSA Black 7th,7S,ERMS,Court 1
Winter 2017,2/26/2017,4:00pm,7S Council Bluffs LC Titans 7th,7S OSA Black 7th,7S,ERMS,Court 1
Winter 2017,1/15/2017,1:00pm,7S Millard South 7th,7S Skutt Black 7th,7S,ERMS,Court 1
Winter 2017,1/8/2017,12:00pm,7S Wahoo Cavalry 7th,7S Skutt Black 7th,7S,ERMS,Court 1
Winter 2017,2/5/2017,4:00pm,7S Elkhorn Elite Red 7th,7S Skutt Black 7th,7S,ERMS,Court 1
Winter 2017,1/22/2017,1:00pm,7S Elkhorn Elite Red 7th,7S Wahoo Cavalry 7th,7S,ERMS,Court 1
Winter 2017,1/22/2017,12:00pm,7S Bellevue Ice Purple 7th,7S Wahoo Cavalry 7th,7S,ERMS,Court 1
Winter 2017,2/5/2017,1:00pm,7S Fremont Elite Kinning 7th,7S Wahoo Cavalry 7th,7S,ERMS,Court 1
Winter 2017,2/5/2017,12:00pm,7S Council Bluffs LC Titans 7th,7S Wahoo Cavalry 7th,7S,ERMS,Court 1
Winter 2017,1/15/2017,4:00pm,8B OSA Black 8th,8B CB TJ Jr Jackets 7th/8th,8B,ERMS,Court 2
Winter 2017,2/19/2017,4:00pm,8B Lady Grizzlies Orange 7th,8B CB TJ Jr Jackets 7th/8th,8B,ERMS,Court 2
Winter 2017,2/26/2017,4:00pm,8B Gretna Gators 8th,8B CB TJ Jr Jackets 7th/8th,8B,ERMS,Court 2
Winter 2017,2/5/2017,4:00pm,8B Skutt Green 8th,8B CB TJ Jr Jackets 7th/8th,8B,ERMS,Court 2
Winter 2017,1/15/2017,1:00pm,8B Trailblazers 8th,8B Elhorn Elite Blue 8th,8B,ERMS,Court 2
Winter 2017,2/12/2017,4:00pm,8B CB TJ Jr Jackets 7th/8th,8B Elhorn Elite Blue 8th,8B,ERMS,Court 2
Winter 2017,2/26/2017,1:00pm,8B Millard West Green 8th,8B Elhorn Elite Blue 8th,8B,ERMS,Court 2
Winter 2017,2/5/2017,2:00pm,8B Lady Grizzlies Orange 7th,8B Elhorn Elite Blue 8th,8B,ERMS,Court 2
Winter 2017,1/22/2017,3:00pm,8B Millard West Green 8th,8B Elkhorn Elite Red 8th,8B,ERMS,Court 2
Winter 2017,1/8/2017,4:00pm,8B CB TJ Jr Jackets 7th/8th,8B Elkhorn Elite Red 8th,8B,ERMS,Court 2
Winter 2017,2/19/2017,1:00pm,8B OSA Black 8th,8B Elkhorn Elite Red 8th,8B,ERMS,Court 2
Winter 2017,1/15/2017,2:00pm,8B Elkhorn Elite Red 8th,8B Gretna Gators 8th,8B,ERMS,Court 2
Winter 2017,1/22/2017,2:00pm,8B Trailblazers 8th,8B Gretna Gators 8th,8B,ERMS,Court 2
Winter 2017,1/8/2017,2:00pm,8B Elhorn Elite Blue 8th,8B Gretna Gators 8th,8B,ERMS,Court 2
Winter 2017,1/22/2017,1:00pm,8B Trailblazers Johnson 8th,8B Lady Grizzlies Orange 7th,8B,ERMS,Court 2
Winter 2017,1/8/2017,3:00pm,8B Millard West Green 8th,8B Lady Grizzlies Orange 7th,8B,ERMS,Court 2
Winter 2017,2/12/2017,3:00pm,8B Elkhorn Elite Red 8th,8B Lady Grizzlies Orange 7th,8B,ERMS,Court 2
Winter 2017,2/26/2017,3:00pm,8B OSA Black 8th,8B Lady Grizzlies Orange 7th,8B,ERMS,Court 2
Winter 2017,2/12/2017,2:00pm,8B Trailblazers Johnson 8th,8B Millard West Green 8th,8B,ERMS,Court 2
Winter 2017,2/19/2017,12:00pm,8B Skutt Green 8th,8B Millard West Green 8th,8B,ERMS,Court 2
Winter 2017,2/5/2017,1:00pm,8B OSA Black 8th,8B Millard West Green 8th,8B,ERMS,Court 2
Winter 2017,1/15/2017,3:00pm,8B Trailblazers Johnson 8th,8B OSA Black 8th,8B,ERMS,Court 2
Winter 2017,2/19/2017,3:00pm,8B Elhorn Elite Blue 8th,8B OSA Black 8th,8B,ERMS,Court 2
Winter 2017,2/5/2017,3:00pm,8B Gretna Gators 8th,8B OSA Black 8th,8B,ERMS,Court 2
Winter 2017,1/15/2017,12:00pm,8B Lady Grizzlies Orange 7th,8B Skutt Green 8th,8B,ERMS,Court 2
Winter 2017,1/22/2017,12:00pm,8B Elhorn Elite Blue 8th,8B Skutt Green 8th,8B,ERMS,Court 2
Winter 2017,2/12/2017,1:00pm,8B Gretna Gators 8th,8B Skutt Green 8th,8B,ERMS,Court 2
Winter 2017,2/26/2017,2:00pm,8B Trailblazers Johnson 8th,8B Skutt Green 8th,8B,ERMS,Court 2
Winter 2017,1/22/2017,4:00pm,8B CB TJ Jr Jackets 7th/8th,8B Trailblazers 8th,8B,ERMS,Court 2
Winter 2017,1/8/2017,1:00pm,8B Skutt Green 8th,8B Trailblazers 8th,8B,ERMS,Court 2
Winter 2017,2/12/2017,12:00pm,8B Millard West Green 8th,8B Trailblazers 8th,8B,ERMS,Court 2
Winter 2017,2/26/2017,12:00pm,8B Elkhorn Elite Red 8th,8B Trailblazers 8th,8B,ERMS,Court 2
Winter 2017,1/8/2017,12:00pm,8B Gretna Gators 8th,8B Trailblazers Johnson 8th,8B,ERMS,Court 2
Winter 2017,2/19/2017,2:00pm,8B Trailblazers 8th,8B Trailblazers Johnson 8th,8B,ERMS,Court 2
Winter 2017,2/5/2017,12:00pm,8B Elkhorn Elite Red 8th,8B Trailblazers Johnson 8th,8B,ERMS,Court 2
Winter 2017,1/22/2017,5:00pm,8G Hustle 8th,8G Bellevue Thunder 7th,8G,ERMS,Court 1
Winter 2017,1/8/2017,6:00pm,8G Elkhorn Elite Gold 8th,8G Bellevue Thunder 7th,8G,ERMS,Court 1
Winter 2017,1/8/2017,8:00pm,8G OSA Gold 8th,8G Bellevue Thunder 7th,8G,ERMS,Court 1
Winter 2017,1/15/2017,7:00pm,8G OSA Gold 8th,8G Elkhorn Elite Gold 8th,8G,ERMS,Court 1
Winter 2017,2/12/2017,5:00pm,8G Marian Jr Cursaders Blue 8th,8G Elkhorn Elite Gold 8th,8G,ERMS,Court 1
Winter 2017,2/26/2017,5:00pm,8G Unity Stars 8th,8G Elkhorn Elite Gold 8th,8G,ERMS,Court 1
Winter 2017,2/5/2017,8:00pm,8G Legends 8th,8G Elkhorn Elite Gold 8th,8G,ERMS,Court 1
Winter 2017,2/12/2017,6:00pm,8G Unity Stars 8th,8G Hustle 8th,8G,ERMS,Court 1
Winter 2017,2/19/2017,5:00pm,8G Elkhorn Elite Gold 8th,8G Hustle 8th,8G,ERMS,Court 1
Winter 2017,2/5/2017,5:00pm,8G OSA Gold 8th,8G Hustle 8th,8G,ERMS,Court 1
Winter 2017,1/22/2017,7:00pm,8G Bellevue Thunder 7th,8G Legends 8th,8G,ERMS,Court 1
Winter 2017,1/8/2017,7:00pm,8G Hustle 8th,8G Legends 8th,8G,ERMS,Court 1
Winter 2017,2/12/2017,8:00pm,8G Unity Stars 8th,8G Legends 8th,8G,ERMS,Court 1
Winter 2017,2/26/2017,8:00pm,8G OSA Gold 8th,8G Legends 8th,8G,ERMS,Court 1
Winter 2017,1/15/2017,6:00pm,8G Bellevue Thunder 7th,8G Marian Jr Cursaders Blue 8th,8G,ERMS,Court 1
Winter 2017,1/22/2017,8:00pm,8G Skutt Black 8th,8G Marian Jr Cursaders Blue 8th,8G,ERMS,Court 1
Winter 2017,2/19/2017,7:00pm,8G Legends 8th,8G Marian Jr Cursaders Blue 8th,8G,ERMS,Court 1
Winter 2017,2/26/2017,6:00pm,8G Hustle 8th,8G Marian Jr Cursaders Blue 8th,8G,ERMS,Court 1
Winter 2017,1/15/2017,5:00pm,8G Unity Stars 8th,8G OSA Gold 8th,8G,ERMS,Court 1
Winter 2017,2/19/2017,8:00pm,8G Skutt Black 8th,8G OSA Gold 8th,8G,ERMS,Court 1
Winter 2017,2/5/2017,7:00pm,8G Marian Jr Cursaders Blue 8th,8G OSA Gold 8th,8G,ERMS,Court 1
Winter 2017,1/15/2017,8:00pm,8G Legends 8th,8G Skutt Black 8th,8G,ERMS,Court 1
Winter 2017,1/22/2017,6:00pm,8G Elkhorn Elite Gold 8th,8G Skutt Black 8th,8G,ERMS,Court 1
Winter 2017,2/12/2017,7:00pm,8G Hustle 8th,8G Skutt Black 8th,8G,ERMS,Court 1
Winter 2017,2/19/2017,6:00pm,8G Bellevue Thunder 7th,8G Skutt Black 8th,8G,ERMS,Court 1
Winter 2017,1/8/2017,5:00pm,8G Marian Jr Cursaders Blue 8th,8G Unity Stars 8th,8G,ERMS,Court 1
Winter 2017,2/26/2017,7:00pm,8G Skutt Black 8th,8G Unity Stars 8th,8G,ERMS,Court 1
Winter 2017,2/5/2017,6:00pm,8G Bellevue Thunder 7th,8G Unity Stars 8th,8G,ERMS,Court 1
Winter 2017,1/15/2017,6:00pm,8S Millard South 8th,8S AL Jr Lynx Blue 8th,8S,ERMS,Court 2
Winter 2017,1/22/2017,7:00pm,8S Elkhorn Elite Gold 7th,8S AL Jr Lynx Blue 8th,8S,ERMS,Court 2
Winter 2017,2/12/2017,5:00pm,8S Marian Jr Crusaders Hoffman 7th,8S AL Jr Lynx Blue 8th,8S,ERMS,Court 2
Winter 2017,2/26/2017,7:00pm,8S Elkhorn Elite Silver 8th,8S AL Jr Lynx Blue 8th,8S,ERMS,Court 2
Winter 2017,1/15/2017,7:00pm,8S AL Jr Lynx Blue 8th,8S Bellevue Thunder 8th,8S,ERMS,Court 2
Winter 2017,1/8/2017,6:00pm,8S Marian Jr Cursaders White 8th,8S Bellevue Thunder 8th,8S,ERMS,Court 2
Winter 2017,2/5/2017,6:00pm,8S Elkhorn Elite Silver 8th,8S Bellevue Thunder 8th,8S,ERMS,Court 2
Winter 2017,2/12/2017,6:00pm,8S Marian Jr Cursaders White 8th,8S Elkhorn Elite Gold 7th,8S,ERMS,Court 2
Winter 2017,2/12/2017,8:00pm,8S Gross Omaha Cougars 8th,8S Elkhorn Elite Gold 7th,8S,ERMS,Court 2
Winter 2017,2/26/2017,8:00pm,8S Millard South 8th,8S Elkhorn Elite Gold 7th,8S,ERMS,Court 2
Winter 2017,2/5/2017,8:00pm,8S Bellevue Thunder 8th,8S Elkhorn Elite Gold 7th,8S,ERMS,Court 2
Winter 2017,1/22/2017,5:00pm,8S Marian Jr Crusaders Hoffman 7th,8S Elkhorn Elite Silver 8th,8S,ERMS,Court 2
Winter 2017,1/8/2017,7:00pm,8S Marian Jr Crusaders Hoffman 7th,8S Elkhorn Elite Silver 8th,8S,ERMS,Court 2
Winter 2017,2/19/2017,7:00pm,8S Gross Omaha Cougars 8th,8S Elkhorn Elite Silver 8th,8S,ERMS,Court 2
Winter 2017,1/22/2017,6:00pm,8S Marian Jr Cursaders White 8th,8S Gross Omaha Cougars 8th,8S,ERMS,Court 2
Winter 2017,1/8/2017,8:00pm,8S AL Jr Lynx Blue 8th,8S Gross Omaha Cougars 8th,8S,ERMS,Court 2
Winter 2017,2/19/2017,6:00pm,8S Bellevue Thunder 8th,8S Gross Omaha Cougars 8th,8S,ERMS,Court 2
Winter 2017,1/15/2017,5:00pm,8S Bellevue Thunder 8th,8S Marian Jr Crusaders Hoffman 7th,8S,ERMS,Court 2
Winter 2017,2/19/2017,5:00pm,8S Elkhorn Elite Gold 7th,8S Marian Jr Crusaders Hoffman 7th,8S,ERMS,Court 2
Winter 2017,2/5/2017,7:00pm,8S Gross Omaha Cougars 8th,8S Marian Jr Crusaders Hoffman 7th,8S,ERMS,Court 2
Winter 2017,1/15/2017,8:00pm,8S Elkhorn Elite Silver 8th,8S Marian Jr Cursaders White 8th,8S,ERMS,Court 2
Winter 2017,2/19/2017,8:00pm,8S Millard South 8th,8S Marian Jr Cursaders White 8th,8S,ERMS,Court 2
Winter 2017,2/26/2017,5:00pm,8S Elkhorn Elite Gold 7th,8S Marian Jr Cursaders White 8th,8S,ERMS,Court 2
Winter 2017,2/5/2017,5:00pm,8S AL Jr Lynx Blue 8th,8S Marian Jr Cursaders White 8th,8S,ERMS,Court 2
Winter 2017,1/22/2017,8:00pm,8S Bellevue Thunder 8th,8S Millard South 8th,8S,ERMS,Court 2
Winter 2017,1/8/2017,5:00pm,8S Marian Jr Crusaders Hoffman 7th,8S Millard South 8th,8S,ERMS,Court 2
Winter 2017,2/12/2017,7:00pm,8S Elkhorn Elite Silver 8th,8S Millard South 8th,8S,ERMS,Court 2
Winter 2017,2/26/2017,6:00pm,8S Gross Omaha Cougars 8th,8S Millard South 8th,8S,ERMS,Court 2
